40	3048+435	0	1172	1	37475at50557_30019_0:0005ac|STRG.872.3|+|33|0.0004858|1|3048|3482|3048[3048]:3482[3482]:435[435]
72	1157+4503	0	27	1	1593at50557_28612_0:003870|STRG.1473.2|+|334|1.192e-94|1|1157|5659|1157[1157]:5659[5659]:4503[4503]
232	149+699	0	2052	1	45935at50557_67767_0:003589|STRG.4351.4|+|85|1.079e-19|1|149|847|149[149]:847[847]:699[699]
234	1040+147	0	150	1	60720at50557_7004_0:004a43|STRG.4378.3|+|32|0.0009715|1|1040|1186|1040[1040]:1186[1186]:147[147]
287	175+375	0	1058	1	12555at50557_378494_0:000ae9|STRG.5342.2|+|57|2.895e-11|1|175|549|175[175]:549[549]:375[375]
343	597+756	0	2052	1	45935at50557_67767_0:003589|STRG.6363.3|+|104|2.057e-25|1|597|1352|597[597]:1352[1352]:756[756]
379	632+2646	0	2290	1	1593at50557_1049336_0:001395|STRG.6958.1|+|128|1.226e-32|1|632|3277|632[632]:3277[3277]:2646[2646]
381	95+291	0	1338	1	22348at50557_168631_0:001c73|STRG.6995.1|+|46|5.93e-08|1|95|385|95[95]:385[385]:291[291]
391	1040+630	0	1250	1	1593at50557_74869_0:002de1|STRG.7165.1|+|76|5.522e-17|1|1040|1669|1040[1040]:1669[1669]:630[630]
391	130+777	0	1510	1	1593at50557_7004_0:003ace|STRG.7165.1|+|89|6.741e-21|1|130|906|130[130]:906[906]:777[777]
453	213+528	0	790	1	10394at50557_7536_0:0020dc|STRG.8251.4|+|59|7.238e-12|1|213|740|213[213]:740[740]:528[528]
498	326+741	0	2052	1	45935at50557_67767_0:003589|STRG.9040.2|+|157|2.284e-41|1|326|1066|326[326]:1066[1066]:741[741]
525	673+426	0	911	1	37475at50557_29031_0:002211|STRG.9531.3|+|51|1.853e-09|1|673|1098|673[673]:1098[1098]:426[426]
528	1495+747	0	1789	1	45935at50557_136037_0:001135|STRG.9579.1|+|80|3.452e-18|1|1495|2241|1495[1495]:2241[2241]:747[747]
643	644+1488	0	605	1	94143at50557_1629725_0:001ce4|STRG.11649.2|+|134|1.916e-34|1|644|2131|644[644]:2131[2131]:1488[1488]
670	2622+582	0	790	1	10394at50557_7536_0:0020dc|STRG.12099.3|+|106|5.143e-26|1|2622|3203|2622[2622]:3203[3203]:582[582]
706	259+588	0	2052	1	45935at50557_67767_0:003589|STRG.12770.3|+|101|1.646e-24|1|259|846|259[259]:846[846]:588[588]
748	1505+816	0	701	1	10394at50557_378494_0:004c1b|STRG.13559.1|+|66|5.655e-14|1|1505|2320|1505[1505]:2320[2320]:816[816]
748	2801+894	0	2093	1	10394at50557_52612_0:0049a4|STRG.13559.1|+|80|3.452e-18|1|2801|3694|2801[2801]:3694[3694]:894[894]
776	958+669	0	1578	1	12555at50557_121225_0:000df9|STRG.14026.9|+|62|9.048e-13|1|958|1626|958[958]:1626[1626]:669[669]
778	416+1026	0	1578	1	12555at50557_121225_0:000df9|STRG.14056.1|+|121|1.57e-30|1|416|1441|416[416]:1441[1441]:1026[1026]
821	1319+669	0	2731	1	22348at50557_7130_0:000f23|STRG.14845.2|+|76|5.522e-17|1|1319|1987|1319[1319]:1987[1987]:669[669]
884	130+150	0	150	1	60720at50557_7004_0:004a43|STRG.15895.3|+|38|1.518e-05|1|130|279|130[130]:279[279]:150[150]
897	1021+477	0	1913	1	94143at50557_93721_0:002ec0|STRG.16111.1|+|63|4.524e-13|1|1021|1497|1021[1021]:1497[1497]:477[477]
904	1+507	0	1536	1	52049at50557_7425_0:001161|STRG.16246.1|+|223|3.095e-61|1|1|507|1[1]:507[507]:507[507]
972	1109+267	0	1839	1	12555at50557_121845_0:00419d|STRG.738.2|+|50|3.706e-09|1|1109|1375|1109[1109]:1375[1375]:267[267]
980	3026+435	0	1172	1	37475at50557_30019_0:0005ac|STRG.872.4|+|33|0.0004858|1|3026|3460|3026[3026]:3460[3460]:435[435]
1012	544+4503	0	27	1	1593at50557_28612_0:003870|STRG.1473.1|+|334|1.192e-94|1|544|5046|544[544]:5046[5046]:4503[4503]
1132	121+255	0	2063	1	60720at50557_1218281_0:000819|STRG.3653.1|+|32|0.0009715|1|121|375|121[121]:375[375]:255[255]
1283	474+756	0	2052	1	45935at50557_67767_0:003589|STRG.6363.4|+|104|2.057e-25|1|474|1229|474[474]:1229[1229]:756[756]
1319	598+633	0	1250	1	1593at50557_74869_0:002de1|STRG.6958.2|+|67|2.827e-14|1|598|1230|598[598]:1230[1230]:633[633]
1319	1775+1185	0	1943	1	1593at50557_197043_0:0030ed|STRG.6958.2|+|80|3.452e-18|1|1775|2959|1775[1775]:2959[2959]:1185[1185]
1329	3521+555	0	790	1	10394at50557_7536_0:0020dc|STRG.7127.1|+|63|4.524e-13|1|3521|4075|3521[3521]:4075[4075]:555[555]
1393	166+1176	0	2093	1	10394at50557_52612_0:0049a4|STRG.8251.5|+|47|2.965e-08|1|166|1341|166[166]:1341[1341]:1176[1176]
1438	234+726	0	2400	1	45935at50557_6973_0:001b70|STRG.9041.1|+|80|3.452e-18|1|234|959|234[234]:959[959]:726[726]
1468	1408+747	0	1789	1	45935at50557_136037_0:001135|STRG.9579.2|+|80|3.452e-18|1|1408|2154|1408[1408]:2154[2154]:747[747]
1542	745+687	0	2052	1	45935at50557_67767_0:003589|STRG.10944.1|+|165|8.922e-44|1|745|1431|745[745]:1431[1431]:687[687]
1561	780+819	0	2448	1	12555at50557_133901_0:0043f8|STRG.11266.1|+|74|2.209e-16|1|780|1598|780[780]:1598[1598]:819[819]
1583	639+1488	0	605	1	94143at50557_1629725_0:001ce4|STRG.11649.3|+|134|1.916e-34|1|639|2126|639[639]:2126[2126]:1488[1488]
1610	2511+582	0	790	1	10394at50557_7536_0:0020dc|STRG.12099.5|+|106|5.143e-26|1|2511|3092|2511[2511]:3092[3092]:582[582]
1688	1392+816	0	701	1	10394at50557_378494_0:004c1b|STRG.13559.2|+|66|5.655e-14|1|1392|2207|1392[1392]:2207[2207]:816[816]
1716	958+669	0	1578	1	12555at50557_121225_0:000df9|STRG.14026.10|+|62|9.048e-13|1|958|1626|958[958]:1626[1626]:669[669]
1718	1450+1026	0	1578	1	12555at50557_121225_0:000df9|STRG.14056.5|+|121|1.57e-30|1|1450|2475|1450[1450]:2475[2475]:1026[1026]
1760	750+381	0	2250	1	73720at50557_29031_0:000293|STRG.14818.3|+|93|4.213e-22|1|750|1130|750[750]:1130[1130]:381[381]
1761	1832+912	0	2555	1	22348at50557_110193_0:00178f|STRG.14845.1|+|102|8.229e-25|1|1832|2743|1832[1832]:2743[2743]:912[912]
1772	649+816	0	2520	1	94143at50557_54969_0:002985|STRG.15065.1|+|95|1.053e-22|1|649|1464|649[649]:1464[1464]:816[816]
1777	421+1377	0	1389	1	94143at50557_40932_0:002d0f|STRG.15162.1|+|82|8.629e-19|1|421|1797|421[421]:1797[1797]:1377[1377]
1796	1073+498	0	606	1	94143at50557_319348_0:0009e2|STRG.15444.1|+|53|4.633e-10|1|1073|1570|1073[1073]:1570[1570]:498[498]
1824	130+150	0	150	1	60720at50557_7004_0:004a43|STRG.15895.4|+|38|1.518e-05|1|130|279|130[130]:279[279]:150[150]
1837	440+426	0	1839	1	12555at50557_121845_0:00419d|STRG.16112.1|+|53|4.633e-10|1|440|865|440[440]:865[865]:426[426]
1879	1043+144	0	150	1	60720at50557_7004_0:004a43|STRG.16855.5|+|33|0.0004858|1|1043|1186|1043[1043]:1186[1186]:144[144]
1912	1191+267	0	1839	1	12555at50557_121845_0:00419d|STRG.738.3|+|50|3.706e-09|1|1191|1457|1191[1191]:1457[1457]:267[267]
1920	3020+435	0	1172	1	37475at50557_30019_0:0005ac|STRG.872.5|+|33|0.0004858|1|3020|3454|3020[3020]:3454[3454]:435[435]
1943	5710+183	0	150	1	60720at50557_7004_0:004a43|STRG.1304.1|+|36|6.072e-05|1|5710|5892|5710[5710]:5892[5892]:183[183]
1943	2854+861	0	1986	1	68599at50557_54969_0:001004|STRG.1304.1|+|44|2.372e-07|1|2854|3714|2854[2854]:3714[3714]:861[861]
2045	1660+486	0	884	1	12555at50557_37001_0:000625|STRG.3155.4|+|50|3.706e-09|1|1660|2145|1660[1660]:2145[2145]:486[486]
2072	417+435	0	2421	1	68599at50557_610380_0:002445|STRG.3654.1|+|70|3.534e-15|1|417|851|417[417]:851[851]:435[435]
2148	4128+834	0	2449	1	12555at50557_29031_0:000522|STRG.5012.1|+|81|1.726e-18|1|4128|4961|4128[4128]:4961[4961]:834[834]
2225	929+597	0	2651	1	37475at50557_39758_0:000c43|STRG.6409.1|+|58|1.448e-11|1|929|1525|929[929]:1525[1525]:597[597]
2269	3521+576	0	790	1	10394at50557_7536_0:0020dc|STRG.7127.2|+|66|5.655e-14|1|3521|4096|3521[3521]:4096[4096]:576[576]
2333	650+585	0	790	1	10394at50557_7536_0:0020dc|STRG.8251.6|+|36|6.072e-05|1|650|1234|650[650]:1234[1234]:585[585]
2404	340+645	0	125	1	37475at50557_1155016_0:0070e2|STRG.9520.2|+|33|0.0004858|1|340|984|340[340]:984[984]:645[645]
2550	2511+612	0	790	1	10394at50557_7536_0:0020dc|STRG.12099.7|+|108|1.286e-26|1|2511|3122|2511[2511]:3122[3122]:612[612]
2586	86+690	0	2052	1	45935at50557_67767_0:003589|STRG.12772.1|+|113|4.018e-28|1|86|775|86[86]:775[775]:690[690]
2588	107+681	0	2052	1	45935at50557_67767_0:003589|STRG.12823.1|+|102|8.229e-25|1|107|787|107[107]:787[787]:681[681]
2628	1968+963	0	2093	1	10394at50557_52612_0:0049a4|STRG.13559.3|+|69|7.069e-15|1|1968|2930|1968[1968]:2930[2930]:963[963]
2658	788+1026	0	1578	1	12555at50557_121225_0:000df9|STRG.14056.6|+|121|1.57e-30|1|788|1813|788[788]:1813[1813]:1026[1026]
2717	318+1377	0	1389	1	94143at50557_40932_0:002d0f|STRG.15162.2|+|82|8.629e-19|1|318|1694|318[318]:1694[1694]:1377[1377]
2790	267+1494	0	1565	1	94143at50557_79782_0:001eeb|STRG.16336.1|+|90|3.371e-21|1|267|1760|267[267]:1760[1760]:1494[1494]
2819	1191+144	0	150	1	60720at50557_7004_0:004a43|STRG.16855.4|+|33|0.0004858|1|1191|1334|1191[1191]:1334[1334]:144[144]
2852	1201+267	0	1839	1	12555at50557_121845_0:00419d|STRG.738.4|+|50|3.706e-09|1|1201|1467|1201[1201]:1467[1467]:267[267]
2860	3067+435	0	1172	1	37475at50557_30019_0:0005ac|STRG.872.6|+|33|0.0004858|1|3067|3501|3067[3067]:3501[3501]:435[435]
2881	1347+150	0	150	1	60720at50557_7004_0:004a43|STRG.1272.6|+|37|3.036e-05|1|1347|1496|1347[1347]:1496[1496]:150[150]
2883	4660+183	0	150	1	60720at50557_7004_0:004a43|STRG.1304.2|+|36|6.072e-05|1|4660|4842|4660[4660]:4842[4842]:183[183]
2883	1804+861	0	1986	1	68599at50557_54969_0:001004|STRG.1304.2|+|44|2.372e-07|1|1804|2664|1804[1804]:2664[2664]:861[861]
2941	715+591	0	39	1	37475at50557_411798_0:00107d|STRG.2346.1|+|36|6.072e-05|1|715|1305|715[715]:1305[1305]:591[591]
3012	186+237	0	2063	1	60720at50557_1218281_0:000819|STRG.3655.1|+|36|6.072e-05|1|186|422|186[186]:422[422]:237[237]
3165	806+597	0	2651	1	37475at50557_39758_0:000c43|STRG.6409.2|+|58|1.448e-11|1|806|1402|806[806]:1402[1402]:597[597]
3175	1926+162	0	150	1	60720at50557_7004_0:004a43|STRG.6570.2|+|36|6.072e-05|1|1926|2087|1926[1926]:2087[2087]:162[162]
3199	601+1710	0	2291	1	1593at50557_219809_0:002612|STRG.6960.1|+|113|4.018e-28|1|601|2310|601[601]:2310[2310]:1710[1710]
3225	1+792	0	2052	1	45935at50557_67767_0:003589|STRG.7427.1|+|552|2.83e-160|1|1|792|1[1]:792[792]:792[792]
3273	618+585	0	790	1	10394at50557_7536_0:0020dc|STRG.8251.8|+|36|6.072e-05|1|618|1202|618[618]:1202[1202]:585[585]
3309	1623+516	0	1853	1	139832at50557_28612_0:000da3|STRG.8898.5|+|37|3.036e-05|1|1623|2138|1623[1623]:2138[2138]:516[516]
3318	240+681	0	2052	1	45935at50557_67767_0:003589|STRG.9043.1|+|141|1.497e-36|1|240|920|240[240]:920[920]:681[681]
3344	568+735	0	1867	1	37475at50557_1629725_0:0002a1|STRG.9520.3|+|35|0.0001214|1|568|1302|568[568]:1302[1302]:735[735]
3463	707+1053	0	472	1	35897at50557_30019_0:000047|STRG.11651.1|+|54|2.316e-10|1|707|1759|707[707]:1759[1759]:1053[1053]
3490	2511+612	0	790	1	10394at50557_7536_0:0020dc|STRG.12099.9|+|108|1.286e-26|1|2511|3122|2511[2511]:3122[3122]:612[612]
3502	192+825	0	622	1	12555at50557_166423_0:002c53|STRG.12319.1|+|108|1.286e-26|1|192|1016|192[192]:1016[1016]:825[825]
3568	1392+816	0	701	1	10394at50557_378494_0:004c1b|STRG.13559.4|+|66|5.655e-14|1|1392|2207|1392[1392]:2207[2207]:816[816]
3598	698+1026	0	1578	1	12555at50557_121225_0:000df9|STRG.14056.7|+|121|1.57e-30|1|698|1723|698[698]:1723[1723]:1026[1026]
3640	750+381	0	2250	1	73720at50557_29031_0:000293|STRG.14818.4|+|93|4.213e-22|1|750|1130|750[750]:1130[1130]:381[381]
3657	27+1377	0	1389	1	94143at50557_40932_0:002d0f|STRG.15162.3|+|82|8.629e-19|1|27|1403|27[27]:1403[1403]:1377[1377]
3774	1001+1452	0	2648	1	35897at50557_7176_0:001a60|STRG.365.1|+|49|7.412e-09|1|1001|2452|1001[1001]:2452[2452]:1452[1452]
3782	1760+351	0	788	1	10394at50557_38123_0:002dad|STRG.532.8|+|56|5.791e-11|1|1760|2110|1760[1760]:2110[2110]:351[351]
3792	1191+267	0	1839	1	12555at50557_121845_0:00419d|STRG.738.5|+|50|3.706e-09|1|1191|1457|1191[1191]:1457[1457]:267[267]
3807	373+1137	0	1651	1	94143at50557_7038_0:001312|STRG.1006.1|+|94|2.107e-22|1|373|1509|373[373]:1509[1509]:1137[1137]
3825	1528+369	0	2478	1	37475at50557_7029_0:0049bc|STRG.1342.1|+|49|7.412e-09|1|1528|1896|1528[1528]:1896[1896]:369[369]
3849	1214+366	0	1015	1	57786at50557_1218281_0:0014e7|STRG.1771.1|+|47|2.965e-08|1|1214|1579|1214[1214]:1579[1579]:366[366]
3929	57+789	0	39	1	37475at50557_411798_0:00107d|STRG.3237.1|+|502|3.187e-145|1|57|845|57[57]:845[845]:789[789]
3952	1778+246	0	2063	1	60720at50557_1218281_0:000819|STRG.3656.1|+|38|1.518e-05|1|1778|2023|1778[1778]:2023[2023]:246[246]
4074	180+801	0	622	1	12555at50557_166423_0:002c53|STRG.5810.1|+|74|2.209e-16|1|180|980|180[180]:980[980]:801[801]
4102	1149+441	0	1551	1	68599at50557_45779_0:00011e|STRG.6339.1|+|71|1.767e-15|1|1149|1589|1149[1149]:1589[1589]:441[441]
4115	1871+162	0	150	1	60720at50557_7004_0:004a43|STRG.6570.1|+|36|6.072e-05|1|1871|2032|1871[1871]:2032[2032]:162[162]
4139	600+1710	0	2291	1	1593at50557_219809_0:002612|STRG.6960.2|+|113|4.018e-28|1|600|2309|600[600]:2309[2309]:1710[1710]
4157	177+480	0	2449	1	12555at50557_29031_0:000522|STRG.7276.1|+|42|9.487e-07|1|177|656|177[177]:656[656]:480[480]
4213	694+585	0	790	1	10394at50557_7536_0:0020dc|STRG.8251.7|+|36|6.072e-05|1|694|1278|694[694]:1278[1278]:585[585]
4258	253+681	0	2052	1	45935at50557_67767_0:003589|STRG.9043.2|+|141|1.497e-36|1|253|933|253[253]:933[933]:681[681]
4280	22+306	0	949	1	86488at50557_197043_0:0040f2|STRG.9439.1|+|145|9.355e-38|1|22|327|22[22]:327[327]:306[306]
4284	568+735	0	1867	1	37475at50557_1629725_0:0002a1|STRG.9520.4|+|35|0.0001214|1|568|1302|568[568]:1302[1302]:735[735]
4430	2322+609	0	790	1	10394at50557_7536_0:0020dc|STRG.12099.1|+|108|1.286e-26|1|2322|2930|2322[2322]:2930[2930]:609[609]
4431	976+570	0	606	1	94143at50557_319348_0:0009e2|STRG.12117.1|+|53|4.633e-10|1|976|1545|976[976]:1545[1545]:570[570]
4468	116+720	0	2052	1	45935at50557_67767_0:003589|STRG.12825.1|+|115|1.005e-28|1|116|835|116[116]:835[835]:720[720]
4508	1505+816	0	701	1	10394at50557_378494_0:004c1b|STRG.13559.5|+|66|5.655e-14|1|1505|2320|1505[1505]:2320[2320]:816[816]
4538	556+1026	0	1578	1	12555at50557_121225_0:000df9|STRG.14056.8|+|121|1.57e-30|1|556|1581|556[556]:1581[1581]:1026[1026]
4561	1060+1206	0	2276	1	12555at50557_51655_0:003c27|STRG.14481.1|+|141|1.497e-36|1|1060|2265|1060[1060]:2265[2265]:1206[1206]
4561	1417+837	0	2448	1	12555at50557_133901_0:0043f8|STRG.14481.1|+|104|2.057e-25|1|1417|2253|1417[1417]:2253[2253]:837[837]
4580	839+381	0	2250	1	73720at50557_29031_0:000293|STRG.14818.5|+|93|4.213e-22|1|839|1219|839[839]:1219[1219]:381[381]
4593	518+456	0	1172	1	37475at50557_30019_0:0005ac|STRG.15079.1|+|62|9.048e-13|1|518|973|518[518]:973[973]:456[456]
4657	1039+789	0	1867	1	37475at50557_1629725_0:0002a1|STRG.16114.1|+|46|5.93e-08|1|1039|1827|1039[1039]:1827[1827]:789[789]
4714	935+1452	0	2648	1	35897at50557_7176_0:001a60|STRG.365.2|+|49|7.412e-09|1|935|2386|935[935]:2386[2386]:1452[1452]
4747	1028+1137	0	1651	1	94143at50557_7038_0:001312|STRG.1007.1|+|99|6.583e-24|1|1028|2164|1028[1028]:2164[2164]:1137[1137]
4821	715+591	0	39	1	37475at50557_411798_0:00107d|STRG.2346.3|+|36|6.072e-05|1|715|1305|715[715]:1305[1305]:591[591]
4892	1262+444	0	1551	1	68599at50557_45779_0:00011e|STRG.3656.2|+|70|3.534e-15|1|1262|1705|1262[1262]:1705[1705]:444[444]
4936	1368+231	0	150	1	60720at50557_7004_0:004a43|STRG.4414.4|+|37|3.036e-05|1|1368|1598|1368[1368]:1598[1598]:231[231]
4941	936+726	0	1789	1	45935at50557_136037_0:001135|STRG.4495.1|+|179|5.446e-48|1|936|1661|936[936]:1661[1661]:726[726]
5048	629+1047	0	693	1	94143at50557_319348_0:0040ff|STRG.6457.1|+|105|1.029e-25|1|629|1675|629[629]:1675[1675]:1047[1047]
5054	700+1611	0	2297	1	35897at50557_108931_0:000ea8|STRG.6560.1|+|51|1.853e-09|1|700|2310|700[700]:2310[2310]:1611[1611]
5055	1871+162	0	150	1	60720at50557_7004_0:004a43|STRG.6570.3|+|36|6.072e-05|1|1871|2032|1871[1871]:2032[2032]:162[162]
5224	568+735	0	1867	1	37475at50557_1629725_0:0002a1|STRG.9520.6|+|35|0.0001214|1|568|1302|568[568]:1302[1302]:735[735]
5252	599+372	0	2478	1	37475at50557_7029_0:0049bc|STRG.10013.1|+|32|0.0009715|1|599|970|599[599]:970[970]:372[372]
5338	544+627	0	2448	1	12555at50557_133901_0:0043f8|STRG.11561.1|+|76|5.522e-17|1|544|1170|544[544]:1170[1170]:627[627]
5370	2622+582	0	790	1	10394at50557_7536_0:0020dc|STRG.12099.2|+|106|5.143e-26|1|2622|3203|2622[2622]:3203[3203]:582[582]
5371	738+570	0	606	1	94143at50557_319348_0:0009e2|STRG.12117.2|+|53|4.633e-10|1|738|1307|738[738]:1307[1307]:570[570]
5408	462+720	0	2052	1	45935at50557_67767_0:003589|STRG.12825.6|+|115|1.005e-28|1|462|1181|462[462]:1181[1181]:720[720]
5501	1027+1197	0	2276	1	12555at50557_51655_0:003c27|STRG.14481.2|+|139|5.987e-36|1|1027|2223|1027[1027]:2223[2223]:1197[1197]
5501	1375+837	0	2448	1	12555at50557_133901_0:0043f8|STRG.14481.2|+|104|2.057e-25|1|1375|2211|1375[1375]:2211[2211]:837[837]
5520	750+381	0	2250	1	73720at50557_29031_0:000293|STRG.14818.6|+|93|4.213e-22|1|750|1130|750[750]:1130[1130]:381[381]
5533	518+456	0	1172	1	37475at50557_30019_0:0005ac|STRG.15079.2|+|62|9.048e-13|1|518|973|518[518]:973[973]:456[456]
5564	271+1257	0	693	1	94143at50557_319348_0:0040ff|STRG.15573.1|+|97|2.633e-23|1|271|1527|271[271]:1527[1527]:1257[1257]
5569	106+453	0	2250	1	73720at50557_29031_0:000293|STRG.15633.1|+|91|1.685e-21|1|106|558|106[106]:558[558]:453[453]
5616	598+552	0	2449	1	12555at50557_29031_0:000522|STRG.16444.1|+|56|5.791e-11|1|598|1149|598[598]:1149[1149]:552[552]
5619	387+1260	0	2093	1	10394at50557_52612_0:0049a4|STRG.16496.1|+|60|3.619e-12|1|387|1646|387[387]:1646[1646]:1260[1260]
5687	335+1137	0	1651	1	94143at50557_7038_0:001312|STRG.1008.1|+|97|2.633e-23|1|335|1471|335[335]:1471[1471]:1137[1137]
5687	2092+567	0	1913	1	94143at50557_93721_0:002ec0|STRG.1008.1|+|75|1.104e-16|1|2092|2658|2092[2092]:2658[2658]:567[567]
5729	1286+366	0	1015	1	57786at50557_1218281_0:0014e7|STRG.1771.3|+|47|2.965e-08|1|1286|1651|1286[1286]:1651[1651]:366[366]
5770	1204+318	0	2063	1	60720at50557_1218281_0:000819|STRG.2525.1|+|39|7.59e-06|1|1204|1521|1204[1204]:1521[1521]:318[318]
5988	599+1047	0	693	1	94143at50557_319348_0:0040ff|STRG.6457.3|+|105|1.029e-25|1|599|1645|599[599]:1645[1645]:1047[1047]
5994	585+1611	0	2297	1	35897at50557_108931_0:000ea8|STRG.6560.4|+|51|1.853e-09|1|585|2195|585[585]:2195[2195]:1611[1611]
6101	131+324	0	1839	1	12555at50557_121845_0:00419d|STRG.8369.1|+|55|1.158e-10|1|131|454|131[131]:454[454]:324[324]
6176	276+399	0	1822	1	94143at50557_1218281_0:001751|STRG.9721.1|+|49|7.412e-09|1|276|674|276[276]:674[674]:399[399]
6278	544+642	0	2448	1	12555at50557_133901_0:0043f8|STRG.11561.2|+|73|4.418e-16|1|544|1185|544[544]:1185[1185]:642[642]
6310	2622+582	0	790	1	10394at50557_7536_0:0020dc|STRG.12099.4|+|106|5.143e-26|1|2622|3203|2622[2622]:3203[3203]:582[582]
6311	1000+570	0	606	1	94143at50557_319348_0:0009e2|STRG.12117.3|+|53|4.633e-10|1|1000|1569|1000[1000]:1569[1569]:570[570]
6348	165+720	0	2052	1	45935at50557_67767_0:003589|STRG.12825.3|+|115|1.005e-28|1|165|884|165[165]:884[884]:720[720]
6418	1921+1026	0	1578	1	12555at50557_121225_0:000df9|STRG.14056.9|+|121|1.57e-30|1|1921|2946|1921[1921]:2946[2946]:1026[1026]
6441	28+1164	0	622	1	12555at50557_166423_0:002c53|STRG.14481.3|+|115|1.005e-28|1|28|1191|28[28]:1191[1191]:1164[1164]
6441	1060+1083	0	2276	1	12555at50557_51655_0:003c27|STRG.14481.3|+|132|7.664e-34|1|1060|2142|1060[1060]:2142[2142]:1083[1083]
6522	635+408	0	1551	1	68599at50557_45779_0:00011e|STRG.15865.1|+|81|1.726e-18|1|635|1042|635[635]:1042[1042]:408[408]
6556	189+552	0	2449	1	12555at50557_29031_0:000522|STRG.16444.2|+|56|5.791e-11|1|189|740|189[189]:740[740]:552[552]
6594	308+1452	0	2648	1	35897at50557_7176_0:001a60|STRG.365.4|+|49|7.412e-09|1|308|1759|308[308]:1759[1759]:1452[1452]
6627	785+1047	0	1126	1	94143at50557_108931_0:001e97|STRG.1009.1|+|93|4.213e-22|1|785|1831|785[785]:1831[1831]:1047[1047]
6641	1293+714	0	1115	1	68599at50557_166361_0:00188c|STRG.1272.13|+|79|6.903e-18|1|1293|2006|1293[1293]:2006[2006]:714[714]
6669	1286+357	0	1015	1	57786at50557_1218281_0:0014e7|STRG.1771.4|+|47|2.965e-08|1|1286|1642|1286[1286]:1642[1642]:357[357]
6687	755+798	0	388	1	37475at50557_1218281_0:002bc6|STRG.2084.1|+|39|7.59e-06|1|755|1552|755[755]:1552[1552]:798[798]
6710	1201+318	0	2063	1	60720at50557_1218281_0:000819|STRG.2525.2|+|39|7.59e-06|1|1201|1518|1201[1201]:1518[1518]:318[318]
6793	676+660	0	1172	1	37475at50557_30019_0:0005ac|STRG.4014.1|+|43|4.744e-07|1|676|1335|676[676]:1335[1335]:660[660]
6883	174+369	0	2115	1	139832at50557_7038_0:002dbe|STRG.5605.1|+|47|2.965e-08|1|174|542|174[174]:542[542]:369[369]
6928	395+480	0	2432	1	94143at50557_29031_0:001bdc|STRG.6457.2|+|40|3.795e-06|1|395|874|395[395]:874[874]:480[480]
6932	2412+354	0	1839	1	12555at50557_121845_0:00419d|STRG.6531.4|+|66|5.655e-14|1|2412|2765|2412[2412]:2765[2765]:354[354]
6934	605+1611	0	2297	1	35897at50557_108931_0:000ea8|STRG.6560.2|+|51|1.853e-09|1|605|2215|605[605]:2215[2215]:1611[1611]
7014	699+213	0	2200	1	139832at50557_1155016_0:001c63|STRG.7932.1|+|47|2.965e-08|1|699|911|699[699]:911[911]:213[213]
7104	628+645	0	125	1	37475at50557_1155016_0:0070e2|STRG.9520.8|+|33|0.0004858|1|628|1272|628[628]:1272[1272]:645[645]
7116	20+837	0	1736	1	94143at50557_224129_0:002582|STRG.9721.2|+|60|3.619e-12|1|20|856|20[20]:856[856]:837[837]
7131	646+1368	0	1909	1	94143at50557_121845_0:0041d2|STRG.9996.1|+|143|3.742e-37|1|646|2013|646[646]:2013[2013]:1368[1368]
7243	674+399	0	788	1	10394at50557_38123_0:002dad|STRG.11998.1|+|42|9.487e-07|1|674|1072|674[674]:1072[1072]:399[399]
7250	2622+612	0	790	1	10394at50557_7536_0:0020dc|STRG.12099.6|+|108|1.286e-26|1|2622|3233|2622[2622]:3233[3233]:612[612]
7285	195+558	0	2014	1	12555at50557_28612_0:005596|STRG.12755.1|+|89|6.741e-21|1|195|752|195[195]:752[752]:558[558]
7288	415+720	0	2052	1	45935at50557_67767_0:003589|STRG.12825.4|+|115|1.005e-28|1|415|1134|415[415]:1134[1134]:720[720]
7328	44+684	0	296	1	22348at50557_7176_0:000ad6|STRG.13562.1|+|58|1.448e-11|1|44|727|44[44]:727[727]:684[684]
7358	367+1026	0	1578	1	12555at50557_121225_0:000df9|STRG.14056.11|+|121|1.57e-30|1|367|1392|367[367]:1392[1392]:1026[1026]
7498	505+669	0	1344	1	35897at50557_7536_0:000f2f|STRG.16481.1|+|47|2.965e-08|1|505|1173|505[505]:1173[1173]:669[669]
7534	2702+1452	0	2648	1	35897at50557_7176_0:001a60|STRG.365.3|+|49|7.412e-09|1|2702|4153|2702[2702]:4153[4153]:1452[1452]
7733	703+660	0	1172	1	37475at50557_30019_0:0005ac|STRG.4014.2|+|43|4.744e-07|1|703|1362|703[703]:1362[1362]:660[660]
7781	0+1395	0	2291	1	1593at50557_219809_0:002612|STRG.4888.1|+|160|2.855e-42|1|0|1394|0[0]:1394[1394]:1395[1395]
7823	275+369	0	2115	1	139832at50557_7038_0:002dbe|STRG.5605.2|+|47|2.965e-08|1|275|643|275[275]:643[643]:369[369]
7872	3099+354	0	1839	1	12555at50557_121845_0:00419d|STRG.6531.3|+|66|5.655e-14|1|3099|3452|3099[3099]:3452[3452]:354[354]
7874	605+1611	0	2297	1	35897at50557_108931_0:000ea8|STRG.6560.3|+|51|1.853e-09|1|605|2215|605[605]:2215[2215]:1611[1611]
7997	2017+774	0	2400	1	45935at50557_6973_0:001b70|STRG.8674.1|+|170|2.788e-45|1|2017|2790|2017[2017]:2790[2790]:774[774]
8046	2024+459	0	1839	1	12555at50557_121845_0:00419d|STRG.9552.1|+|76|5.522e-17|1|2024|2482|2024[2024]:2482[2482]:459[459]
8056	20+768	0	1736	1	94143at50557_224129_0:002582|STRG.9721.4|+|56|5.791e-11|1|20|787|20[20]:787[787]:768[768]
8071	573+1368	0	1909	1	94143at50557_121845_0:0041d2|STRG.9996.3|+|143|3.742e-37|1|573|1940|573[573]:1940[1940]:1368[1368]
8072	303+642	0	2014	1	12555at50557_28612_0:005596|STRG.10015.1|+|78|1.381e-17|1|303|944|303[303]:944[944]:642[642]
8075	153+681	0	2052	1	45935at50557_67767_0:003589|STRG.10070.1|+|115|1.005e-28|1|153|833|153[153]:833[833]:681[681]
8190	2511+612	0	790	1	10394at50557_7536_0:0020dc|STRG.12099.8|+|108|1.286e-26|1|2511|3122|2511[2511]:3122[3122]:612[612]
8205	2+1674	0	2020	1	127753at50557_67767_0:001d4c|STRG.12378.1|+|962|1.07e-283|1|2|1675|2[2]:1675[1675]:1674[1674]
8225	195+558	0	2014	1	12555at50557_28612_0:005596|STRG.12755.2|+|89|6.741e-21|1|195|752|195[195]:752[752]:558[558]
8228	165+720	0	2052	1	45935at50557_67767_0:003589|STRG.12825.2|+|115|1.005e-28|1|165|884|165[165]:884[884]:720[720]
8245	211+627	0	1789	1	45935at50557_136037_0:001135|STRG.13145.1|+|71|1.767e-15|1|211|837|211[211]:837[837]:627[627]
8268	52+393	0	556	1	22348at50557_39758_0:0000a5|STRG.13563.1|+|87|2.696e-20|1|52|444|52[52]:444[444]:393[393]
8298	356+1026	0	1578	1	12555at50557_121225_0:000df9|STRG.14056.12|+|121|1.57e-30|1|356|1381|356[356]:1381[1381]:1026[1026]
8567	1682+798	0	388	1	37475at50557_1218281_0:002bc6|STRG.2084.7|+|39|7.59e-06|1|1682|2479|1682[1682]:2479[2479]:798[798]
8601	838+543	0	606	1	94143at50557_319348_0:0009e2|STRG.2724.1|+|59|7.238e-12|1|838|1380|838[838]:1380[1380]:543[543]
8601	111+480	0	2432	1	94143at50557_29031_0:001bdc|STRG.2724.1|+|45|1.186e-07|1|111|590|111[111]:590[590]:480[480]
8639	1284+321	0	2063	1	60720at50557_1218281_0:000819|STRG.3420.1|+|36|6.072e-05|1|1284|1604|1284[1284]:1604[1604]:321[321]
8673	850+660	0	1172	1	37475at50557_30019_0:0005ac|STRG.4014.3|+|43|4.744e-07|1|850|1509|850[850]:1509[1509]:660[660]
8696	1289+231	0	150	1	60720at50557_7004_0:004a43|STRG.4414.5|+|37|3.036e-05|1|1289|1519|1289[1289]:1519[1519]:231[231]
8721	0+1395	0	2291	1	1593at50557_219809_0:002612|STRG.4888.2|+|160|2.855e-42|1|0|1394|0[0]:1394[1394]:1395[1395]
8751	327+1446	0	1303	1	94143at50557_7004_0:00294b|STRG.5400.1|+|79|6.903e-18|1|327|1772|327[327]:1772[1772]:1446[1446]
8795	770+723	0	2052	1	45935at50557_67767_0:003589|STRG.6214.1|+|122|7.848e-31|1|770|1492|770[770]:1492[1492]:723[723]
8810	3429+1113	0	2276	1	12555at50557_51655_0:003c27|STRG.6495.1|+|154|1.827e-40|1|3429|4541|3429[3429]:4541[4541]:1113[1113]
8812	2830+354	0	1839	1	12555at50557_121845_0:00419d|STRG.6531.2|+|66|5.655e-14|1|2830|3183|2830[2830]:3183[3183]:354[354]
8814	1285+1611	0	2297	1	35897at50557_108931_0:000ea8|STRG.6560.5|+|51|1.853e-09|1|1285|2895|1285[1285]:2895[2895]:1611[1611]
8877	310+564	0	2448	1	12555at50557_133901_0:0043f8|STRG.7635.1|+|77|2.761e-17|1|310|873|310[310]:873[873]:564[564]
8883	1274+399	0	1551	1	68599at50557_45779_0:00011e|STRG.7737.1|+|70|3.534e-15|1|1274|1672|1274[1274]:1672[1672]:399[399]
8937	2291+903	0	2052	1	45935at50557_67767_0:003589|STRG.8674.2|+|171|1.394e-45|1|2291|3193|2291[2291]:3193[3193]:903[903]
8949	1959+516	0	1853	1	139832at50557_28612_0:000da3|STRG.8898.4|+|37|3.036e-05|1|1959|2474|1959[1959]:2474[2474]:516[516]
8986	1870+459	0	1839	1	12555at50557_121845_0:00419d|STRG.9552.2|+|76|5.522e-17|1|1870|2328|1870[1870]:2328[2328]:459[459]
8996	66+396	0	1822	1	94143at50557_1218281_0:001751|STRG.9721.3|+|43|4.744e-07|1|66|461|66[66]:461[461]:396[396]
9011	648+888	0	1651	1	94143at50557_7038_0:001312|STRG.9996.2|+|55|1.158e-10|1|648|1535|648[648]:1535[1535]:888[888]
9012	282+642	0	2014	1	12555at50557_28612_0:005596|STRG.10015.2|+|78|1.381e-17|1|282|923|282[282]:923[923]:642[642]
9138	275+693	0	1428	1	35897at50557_1507135_0:001cf3|STRG.12254.1|+|395|5.171e-113|1|275|967|275[275]:967[967]:693[693]
9168	409+720	0	2052	1	45935at50557_67767_0:003589|STRG.12825.5|+|115|1.005e-28|1|409|1128|409[409]:1128[1128]:720[720]
9185	207+420	0	2571	1	45935at50557_104452_0:001a48|STRG.13145.2|+|60|3.619e-12|1|207|626|207[207]:626[626]:420[420]
9222	1901+423	0	1551	1	68599at50557_45779_0:00011e|STRG.13799.1|+|75|1.104e-16|1|1901|2323|1901[1901]:2323[2323]:423[423]
9238	282+1026	0	1578	1	12555at50557_121225_0:000df9|STRG.14056.13|+|121|1.57e-30|1|282|1307|282[282]:1307[1307]:1026[1026]
9364	601+264	0	2200	1	139832at50557_1155016_0:001c63|STRG.16251.2|+|41|1.897e-06|1|601|864|601[601]:864[864]:264[264]
9447	195+1227	0	1389	1	94143at50557_40932_0:002d0f|STRG.1012.1|+|99|6.583e-24|1|195|1421|195[195]:1421[1421]:1227[1227]
9507	1514+798	0	388	1	37475at50557_1218281_0:002bc6|STRG.2084.9|+|39|7.59e-06|1|1514|2311|1514[1514]:2311[2311]:798[798]
9543	607+963	0	1517	1	35897at50557_7004_0:0007c4|STRG.2764.1|+|51|1.853e-09|1|607|1569|607[607]:1569[1569]:963[963]
9613	913+660	0	1172	1	37475at50557_30019_0:0005ac|STRG.4014.4|+|43|4.744e-07|1|913|1572|913[913]:1572[1572]:660[660]
9636	1310+231	0	150	1	60720at50557_7004_0:004a43|STRG.4414.6|+|37|3.036e-05|1|1310|1540|1310[1310]:1540[1540]:231[231]
9646	235+1629	0	1171	1	37475at50557_136037_0:002606|STRG.4579.1|+|65|1.131e-13|1|235|1863|235[235]:1863[1863]:1629[1629]
9661	0+1395	0	2291	1	1593at50557_219809_0:002612|STRG.4888.3|+|160|2.855e-42|1|0|1394|0[0]:1394[1394]:1395[1395]
9675	469+1068	0	2520	1	94143at50557_54969_0:002985|STRG.5131.1|+|92|8.427e-22|1|469|1536|469[469]:1536[1536]:1068[1068]
9691	117+1446	0	1303	1	94143at50557_7004_0:00294b|STRG.5400.2|+|79|6.903e-18|1|117|1562|117[117]:1562[1562]:1446[1446]
9735	770+723	0	2052	1	45935at50557_67767_0:003589|STRG.6214.2|+|122|7.848e-31|1|770|1492|770[770]:1492[1492]:723[723]
9742	48+493	0	1839	1	12555at50557_121845_0:00419d|STRG.6345.1|+|210|2.536e-57|2|48|540|48[48]:164[164]:117[117]|181[181]:540[540]:360[360]
9750	3437+1113	0	2276	1	12555at50557_51655_0:003c27|STRG.6495.2|+|154|1.827e-40|1|3437|4549|3437[3437]:4549[4549]:1113[1113]
9752	2947+354	0	1839	1	12555at50557_121845_0:00419d|STRG.6531.5|+|66|5.655e-14|1|2947|3300|2947[2947]:3300[3300]:354[354]
9823	1333+399	0	1551	1	68599at50557_45779_0:00011e|STRG.7737.2|+|70|3.534e-15|1|1333|1731|1333[1333]:1731[1731]:399[399]
9877	2396+903	0	2052	1	45935at50557_67767_0:003589|STRG.8674.3|+|171|1.394e-45|1|2396|3298|2396[2396]:3298[3298]:903[903]
9926	1828+459	0	1839	1	12555at50557_121845_0:00419d|STRG.9552.3|+|76|5.522e-17|1|1828|2286|1828[1828]:2286[2286]:459[459]
9950	305+1347	0	344	1	94143at50557_144034_0:000c48|STRG.9979.1|+|94|2.107e-22|1|305|1651|305[305]:1651[1651]:1347[1347]
10078	275+730	0	1428	1	35897at50557_1507135_0:001cf3|STRG.12254.2|+|399|3.232e-114|2|275|1004|275[275]:619[619]:345[345]|657[657]:1004[1004]:348[348]
10085	251+618	0	630	1	127753at50557_88501_0:002f9c|STRG.12380.1|+|326|3.052e-92|1|251|868|251[251]:868[868]:618[618]
10108	179+702	0	222	1	45935at50557_108931_0:001010|STRG.12825.7|+|99|6.583e-24|1|179|880|179[179]:880[880]:702[702]
10125	82+450	0	2571	1	45935at50557_104452_0:001a48|STRG.13146.1|+|71|1.767e-15|1|82|531|82[82]:531[531]:450[450]
10178	1441+1026	0	1578	1	12555at50557_121225_0:000df9|STRG.14056.14|+|121|1.57e-30|1|1441|2466|1441[1441]:2466[2466]:1026[1026]
10190	717+858	0	2651	1	37475at50557_39758_0:000c43|STRG.14283.1|+|50|3.706e-09|1|717|1574|717[717]:1574[1574]:858[858]
10299	2+1047	0	730	1	22348at50557_411798_0:00330e|STRG.16157.1|+|708|3.099e-207|1|2|1048|2[2]:1048[1048]:1047[1047]
10304	807+264	0	2200	1	139832at50557_1155016_0:001c63|STRG.16251.1|+|41|1.897e-06|1|807|1070|807[807]:1070[1070]:264[264]
10401	1254+159	0	150	1	60720at50557_7004_0:004a43|STRG.1272.4|+|35|0.0001214|1|1254|1412|1254[1254]:1412[1412]:159[159]
10404	3447+171	0	150	1	60720at50557_7004_0:004a43|STRG.1331.1|+|55|1.158e-10|1|3447|3617|3447[3447]:3617[3617]:171[171]
10447	1736+798	0	388	1	37475at50557_1218281_0:002bc6|STRG.2084.2|+|39|7.59e-06|1|1736|2533|1736[1736]:2533[2533]:798[798]
10520	1409+588	0	790	1	10394at50557_7536_0:0020dc|STRG.3448.2|+|67|2.827e-14|1|1409|1996|1409[1409]:1996[1996]:588[588]
10576	1313+231	0	150	1	60720at50557_7004_0:004a43|STRG.4414.7|+|37|3.036e-05|1|1313|1543|1313[1313]:1543[1543]:231[231]
10586	391+423	0	2250	1	73720at50557_29031_0:000293|STRG.4580.1|+|74|2.209e-16|1|391|813|391[391]:813[813]:423[423]
10589	336+948	0	2539	1	12555at50557_93721_0:0043db|STRG.4637.1|+|68|1.414e-14|1|336|1283|336[336]:1283[1283]:948[948]
10601	4+996	0	1510	1	1593at50557_7004_0:003ace|STRG.4889.1|+|127|2.452e-32|1|4|999|4[4]:999[999]:996[996]
10671	5604+723	0	2397	1	45935at50557_1041015_0:0000df|STRG.6135.1|+|124|1.962e-31|1|5604|6326|5604[5604]:6326[6326]:723[723]
10675	1081+736	0	2052	1	45935at50557_67767_0:003589|STRG.6214.3|+|123|3.924e-31|2|1081|1816|1081[1081]:1467[1467]:387[387]|1496[1496]:1816[1816]:321[321]
10682	0+3104	0	447	1	12555at50557_103372_0:002457|STRG.6346.1|+|1734|0|2|0|3103|0[0]:3020[3020]:3021[3021]|3023[3023]:3103[3103]:81[81]
10692	2976+354	0	1839	1	12555at50557_121845_0:00419d|STRG.6531.1|+|66|5.655e-14|1|2976|3329|2976[2976]:3329[3329]:354[354]
10811	175+1302	0	1564	1	94143at50557_7029_0:006933|STRG.8563.1|+|69|7.069e-15|1|175|1476|175[175]:1476[1476]:1302[1302]
10813	513+779	0	1504	1	139832at50557_103372_0:001bc5|STRG.8598.1|+|488|5.221e-141|2|513|1291|513[513]:920[920]:408[408]|947[947]:1291[1291]:345[345]
10817	1643+774	0	2400	1	45935at50557_6973_0:001b70|STRG.8674.4|+|170|2.788e-45|1|1643|2416|1643[1643]:2416[2416]:774[774]
10866	1789+459	0	1839	1	12555at50557_121845_0:00419d|STRG.9552.4|+|76|5.522e-17|1|1789|2247|1789[1789]:2247[2247]:459[459]
10890	331+1347	0	344	1	94143at50557_144034_0:000c48|STRG.9979.2|+|94|2.107e-22|1|331|1677|331[331]:1677[1677]:1347[1347]
10944	2119+3552	0	2378	1	1593at50557_222816_0:001830|STRG.10989.1|+|191|1.329e-51|1|2119|5670|2119[2119]:5670[5670]:3552[3552]
11048	130+702	0	222	1	45935at50557_108931_0:001010|STRG.12825.8|+|99|6.583e-24|1|130|831|130[130]:831[831]:702[702]
11053	136+528	0	1145	1	12555at50557_378494_0:003d13|STRG.12917.3|+|61|1.81e-12|1|136|663|136[136]:663[663]:528[528]
11070	84+1215	0	693	1	94143at50557_319348_0:0040ff|STRG.13249.1|+|92|8.427e-22|1|84|1298|84[84]:1298[1298]:1215[1215]
11141	74+876	0	2052	1	45935at50557_67767_0:003589|STRG.14485.1|+|108|1.286e-26|1|74|949|74[74]:949[949]:876[876]
11180	5554+723	0	2052	1	45935at50557_67767_0:003589|STRG.15203.1|+|143|3.742e-37|1|5554|6276|5554[5554]:6276[6276]:723[723]
11244	777+264	0	2200	1	139832at50557_1155016_0:001c63|STRG.16251.3|+|41|1.897e-06|1|777|1040|777[777]:1040[1040]:264[264]
11259	825+513	0	790	1	10394at50557_7536_0:0020dc|STRG.16496.3|+|82|8.629e-19|1|825|1337|825[825]:1337[1337]:513[513]
11341	1632+237	0	150	1	60720at50557_7004_0:004a43|STRG.1272.3|+|32|0.0009715|1|1632|1868|1632[1632]:1868[1868]:237[237]
11344	3022+171	0	150	1	60720at50557_7004_0:004a43|STRG.1331.2|+|55|1.158e-10|1|3022|3192|3022[3022]:3192[3192]:171[171]
11354	569+1314	0	1651	1	94143at50557_7038_0:001312|STRG.1520.1|+|86|5.393e-20|1|569|1882|569[569]:1882[1882]:1314[1314]
11387	1871+798	0	388	1	37475at50557_1218281_0:002bc6|STRG.2084.3|+|39|7.59e-06|1|1871|2668|1871[1871]:2668[2668]:798[798]
11389	201+1575	0	1948	1	22348at50557_67767_0:0009ed|STRG.2127.1|+|635|2.927e-185|1|201|1775|201[201]:1775[1775]:1575[1575]
11402	89+855	0	222	1	45935at50557_108931_0:001010|STRG.2372.1|+|153|3.654e-40|1|89|943|89[89]:943[943]:855[855]
11432	1424+945	0	1117	1	68599at50557_7213_0:0004a6|STRG.2935.1|+|91|1.685e-21|1|1424|2368|1424[1424]:2368[2368]:945[945]
11460	1777+588	0	790	1	10394at50557_7536_0:0020dc|STRG.3448.1|+|67|2.827e-14|1|1777|2364|1777[1777]:2364[2364]:588[588]
11471	76+408	0	1551	1	68599at50557_45779_0:00011e|STRG.3641.2|+|85|1.079e-19|1|76|483|76[76]:483[483]:408[408]
11526	328+423	0	2250	1	73720at50557_29031_0:000293|STRG.4580.2|+|74|2.209e-16|1|328|750|328[328]:750[750]:423[423]
11529	252+948	0	2539	1	12555at50557_93721_0:0043db|STRG.4637.2|+|68|1.414e-14|1|252|1199|252[252]:1199[1199]:948[948]
11555	431+1203	0	1651	1	94143at50557_7038_0:001312|STRG.5133.1|+|82|8.629e-19|1|431|1633|431[431]:1633[1633]:1203[1203]
11611	5480+723	0	2397	1	45935at50557_1041015_0:0000df|STRG.6135.2|+|124|1.962e-31|1|5480|6202|5480[5480]:6202[6202]:723[723]
11632	1127+354	0	1839	1	12555at50557_121845_0:00419d|STRG.6531.6|+|66|5.655e-14|1|1127|1480|1127[1127]:1480[1480]:354[354]
11634	1269+1611	0	2297	1	35897at50557_108931_0:000ea8|STRG.6560.7|+|51|1.853e-09|1|1269|2879|1269[1269]:2879[2879]:1611[1611]
11689	760+705	0	2520	1	94143at50557_54969_0:002985|STRG.7506.1|+|89|6.741e-21|1|760|1464|760[760]:1464[1464]:705[705]
11781	57+726	0	2397	1	45935at50557_1041015_0:0000df|STRG.9098.1|+|89|6.741e-21|1|57|782|57[57]:782[782]:726[726]
11782	1833+522	0	774	1	73720at50557_7539_0:00343d|STRG.9118.1|+|124|1.962e-31|1|1833|2354|1833[1833]:2354[2354]:522[522]
11806	1830+459	0	1839	1	12555at50557_121845_0:00419d|STRG.9552.5|+|76|5.522e-17|1|1830|2288|1830[1830]:2288[2288]:459[459]
11818	2688+150	0	150	1	60720at50557_7004_0:004a43|STRG.9773.1|+|36|6.072e-05|1|2688|2837|2688[2688]:2837[2837]:150[150]
11825	1468+690	0	2397	1	45935at50557_1041015_0:0000df|STRG.9895.1|+|137|2.395e-35|1|1468|2157|1468[1468]:2157[2157]:690[690]
11830	403+1347	0	344	1	94143at50557_144034_0:000c48|STRG.9979.3|+|94|2.107e-22|1|403|1749|403[403]:1749[1749]:1347[1347]
11847	410+468	0	1913	1	94143at50557_93721_0:002ec0|STRG.10311.1|+|108|1.286e-26|1|410|877|410[410]:877[877]:468[468]
11866	568+417	0	1505	1	139832at50557_222816_0:00136a|STRG.10656.1|+|53|4.633e-10|1|568|984|568[568]:984[984]:417[417]
11884	1894+3552	0	2378	1	1593at50557_222816_0:001830|STRG.10989.2|+|191|1.329e-51|1|1894|5445|1894[1894]:5445[5445]:3552[3552]
11988	207+714	0	222	1	45935at50557_108931_0:001010|STRG.12826.1|+|105|1.029e-25|1|207|920|207[207]:920[920]:714[714]
11993	255+615	0	883	1	12555at50557_197043_0:003291|STRG.12917.4|+|77|2.761e-17|1|255|869|255[255]:869[869]:615[615]
12002	58+631	0	245	1	68599at50557_307658_0:0019aa|STRG.13095.1|+|382|4.236e-109|2|58|688|58[58]:153[153]:96[96]|179[179]:688[688]:510[510]
12081	287+981	0	2488	1	45935at50557_7539_0:001561|STRG.14486.1|+|100|3.292e-24|1|287|1267|287[287]:1267[1267]:981[981]
12086	418+1152	0	1909	1	94143at50557_121845_0:0041d2|STRG.14592.1|+|93|4.213e-22|1|418|1569|418[418]:1569[1569]:1152[1152]
12157	1291+795	0	2400	1	45935at50557_6973_0:001b70|STRG.15765.1|+|83|4.314e-19|1|1291|2085|1291[1291]:2085[2085]:795[795]
12184	846+264	0	2200	1	139832at50557_1155016_0:001c63|STRG.16251.4|+|41|1.897e-06|1|846|1109|846[846]:1109[1109]:264[264]
12261	1162+435	0	1172	1	37475at50557_30019_0:0005ac|STRG.909.2|+|37|3.036e-05|1|1162|1596|1162[1162]:1596[1596]:435[435]
12268	1003+639	0	1205	1	73720at50557_108931_0:0048b3|STRG.1036.2|+|149|5.847e-39|1|1003|1641|1003[1003]:1641[1641]:639[639]
12284	2858+171	0	150	1	60720at50557_7004_0:004a43|STRG.1331.3|+|55|1.158e-10|1|2858|3028|2858[2858]:3028[3028]:171[171]
12305	1246+354	0	2023	1	129938at50557_286706_0:002722|STRG.1708.1|+|43|4.744e-07|1|1246|1599|1246[1246]:1599[1599]:354[354]
12327	1804+798	0	388	1	37475at50557_1218281_0:002bc6|STRG.2084.4|+|39|7.59e-06|1|1804|2601|1804[1804]:2601[2601]:798[798]
12372	1347+945	0	1117	1	68599at50557_7213_0:0004a6|STRG.2935.3|+|91|1.685e-21|1|1347|2291|1347[1347]:2291[2291]:945[945]
12411	1565+639	0	419	1	68599at50557_13249_0:000d31|STRG.3641.1|+|87|2.696e-20|1|1565|2203|1565[1565]:2203[2203]:639[639]
12420	1347+153	0	150	1	60720at50557_7004_0:004a43|STRG.3801.1|+|38|1.518e-05|1|1347|1499|1347[1347]:1499[1499]:153[153]
12466	331+423	0	2250	1	73720at50557_29031_0:000293|STRG.4580.3|+|74|2.209e-16|1|331|753|331[331]:753[753]:423[423]
12495	1079+1152	0	1651	1	94143at50557_7038_0:001312|STRG.5134.1|+|74|2.209e-16|1|1079|2230|1079[1079]:2230[2230]:1152[1152]
12551	5708+723	0	2397	1	45935at50557_1041015_0:0000df|STRG.6135.4|+|124|1.962e-31|1|5708|6430|5708[5708]:6430[6430]:723[723]
12555	9+840	0	222	1	45935at50557_108931_0:001010|STRG.6216.1|+|132|7.664e-34|1|9|848|9[9]:848[848]:840[840]
12702	57+780	0	1789	1	45935at50557_136037_0:001135|STRG.8776.1|+|143|3.742e-37|1|57|836|57[57]:836[836]:780[780]
12746	729+459	0	1839	1	12555at50557_121845_0:00419d|STRG.9552.6|+|76|5.522e-17|1|729|1187|729[729]:1187[1187]:459[459]
12758	3342+150	0	150	1	60720at50557_7004_0:004a43|STRG.9773.2|+|36|6.072e-05|1|3342|3491|3342[3342]:3491[3491]:150[150]
12770	589+1389	0	1912	1	94143at50557_7130_0:00208a|STRG.9980.2|+|89|6.741e-21|1|589|1977|589[589]:1977[1977]:1389[1389]
12787	243+1410	0	605	1	94143at50557_1629725_0:001ce4|STRG.10311.2|+|216|3.962e-59|1|243|1652|243[243]:1652[1652]:1410[1410]
12824	2099+3552	0	2378	1	1593at50557_222816_0:001830|STRG.10989.3|+|191|1.329e-51|1|2099|5650|2099[2099]:5650[5650]:3552[3552]
12843	881+672	0	952	1	94143at50557_1049336_0:001a7d|STRG.11305.1|+|81|1.726e-18|1|881|1552|881[881]:1552[1552]:672[672]
12933	438+615	0	883	1	12555at50557_197043_0:003291|STRG.12917.6|+|76|5.522e-17|1|438|1052|438[438]:1052[1052]:615[615]
12942	142+616	0	245	1	68599at50557_307658_0:0019aa|STRG.13095.2|+|381|8.472e-109|2|142|757|142[142]:222[222]:81[81]|248[248]:757[757]:510[510]
12996	902+264	0	150	1	60720at50557_7004_0:004a43|STRG.14032.1|+|34|0.0002429|1|902|1165|902[902]:1165[1165]:264[264]
13004	71+1881	0	1869	1	37475at50557_66420_0:001ac7|STRG.14173.1|+|36|6.072e-05|1|71|1951|71[71]:1951[1951]:1881[1881]
13026	402+1152	0	1909	1	94143at50557_121845_0:0041d2|STRG.14592.2|+|93|4.213e-22|1|402|1553|402[402]:1553[1553]:1152[1152]
13097	1102+795	0	2400	1	45935at50557_6973_0:001b70|STRG.15765.2|+|83|4.314e-19|1|1102|1896|1102[1102]:1896[1896]:795[795]
13124	816+264	0	2200	1	139832at50557_1155016_0:001c63|STRG.16251.5|+|41|1.897e-06|1|816|1079|816[816]:1079[1079]:264[264]
13139	224+513	0	790	1	10394at50557_7536_0:0020dc|STRG.16496.4|+|82|8.629e-19|1|224|736|224[224]:736[736]:513[513]
13201	1823+435	0	1172	1	37475at50557_30019_0:0005ac|STRG.909.3|+|37|3.036e-05|1|1823|2257|1823[1823]:2257[2257]:435[435]
13224	3406+171	0	150	1	60720at50557_7004_0:004a43|STRG.1331.4|+|55|1.158e-10|1|3406|3576|3406[3406]:3576[3576]:171[171]
13267	1870+798	0	388	1	37475at50557_1218281_0:002bc6|STRG.2084.5|+|39|7.59e-06|1|1870|2667|1870[1870]:2667[2667]:798[798]
13312	1491+159	0	150	1	60720at50557_7004_0:004a43|STRG.2935.2|+|40|3.795e-06|1|1491|1649|1491[1491]:1649[1649]:159[159]
13335	1005+429	0	1172	1	37475at50557_30019_0:0005ac|STRG.3351.1|+|37|3.036e-05|1|1005|1433|1005[1005]:1433[1433]:429[429]
13340	3783+588	0	790	1	10394at50557_7536_0:0020dc|STRG.3448.3|+|67|2.827e-14|1|3783|4370|3783[3783]:4370[4370]:588[588]
13491	5108+723	0	2397	1	45935at50557_1041015_0:0000df|STRG.6135.5|+|124|1.962e-31|1|5108|5830|5108[5108]:5830[5830]:723[723]
13493	9103+921	0	2731	1	22348at50557_7130_0:000f23|STRG.6171.1|+|126|4.905e-32|1|9103|10023|9103[9103]:10023[10023]:921[921]
13661	69+807	0	1789	1	45935at50557_136037_0:001135|STRG.9100.1|+|108|1.286e-26|1|69|875|69[69]:875[875]:807[807]
13662	1833+522	0	774	1	73720at50557_7539_0:00343d|STRG.9118.2|+|124|1.962e-31|1|1833|2354|1833[1833]:2354[2354]:522[522]
13705	952+690	0	2397	1	45935at50557_1041015_0:0000df|STRG.9895.3|+|137|2.395e-35|1|952|1641|952[952]:1641[1641]:690[690]
13710	340+1389	0	1912	1	94143at50557_7130_0:00208a|STRG.9980.5|+|89|6.741e-21|1|340|1728|340[340]:1728[1728]:1389[1389]
13727	404+606	0	606	1	94143at50557_319348_0:0009e2|STRG.10311.3|+|113|4.018e-28|2|404|1009|404[404]:649[649]:246[246]|761[761]:1009[1009]:249[249]
13797	204+1649	0	1286	1	62106at50557_43041_0:0019b6|STRG.11549.2|+|272|5.499e-76|2|204|1852|204[204]:395[395]:192[192]|671[671]:1852[1852]:1182[1182]
13873	465+615	0	883	1	12555at50557_197043_0:003291|STRG.12917.5|+|77|2.761e-17|1|465|1079|465[465]:1079[1079]:615[615]
13882	295+703	0	245	1	68599at50557_307658_0:0019aa|STRG.13095.3|+|438|5.879e-126|2|295|997|295[295]:462[462]:168[168]|488[488]:997[997]:510[510]
13897	208+795	0	1867	1	37475at50557_1629725_0:0002a1|STRG.13365.1|+|64|2.262e-13|1|208|1002|208[208]:1002[1002]:795[795]
14000	1440+723	0	2052	1	45935at50557_67767_0:003589|STRG.15203.4|+|143|3.742e-37|1|1440|2162|1440[1440]:2162[2162]:723[723]
14034	266+1068	0	1578	1	12555at50557_121225_0:000df9|STRG.15724.1|+|82|8.629e-19|1|266|1333|266[266]:1333[1333]:1068[1068]
14037	1003+795	0	2400	1	45935at50557_6973_0:001b70|STRG.15765.3|+|83|4.314e-19|1|1003|1797|1003[1003]:1797[1797]:795[795]
14141	2212+435	0	1172	1	37475at50557_30019_0:0005ac|STRG.909.1|+|37|3.036e-05|1|2212|2646|2212[2212]:2646[2646]:435[435]
14164	2956+171	0	150	1	60720at50557_7004_0:004a43|STRG.1331.5|+|55|1.158e-10|1|2956|3126|2956[2956]:3126[3126]:171[171]
14191	1394+714	0	388	1	37475at50557_1218281_0:002bc6|STRG.1816.10|+|43|4.744e-07|1|1394|2107|1394[1394]:2107[2107]:714[714]
14262	3108+567	0	1407	1	12555at50557_7004_0:002cc8|STRG.3112.1|+|96|5.267e-23|1|3108|3674|3108[3108]:3674[3674]:567[567]
14280	3783+588	0	790	1	10394at50557_7536_0:0020dc|STRG.3448.4|+|67|2.827e-14|1|3783|4370|3783[3783]:4370[4370]:588[588]
14431	5531+723	0	2397	1	45935at50557_1041015_0:0000df|STRG.6135.6|+|124|1.962e-31|1|5531|6253|5531[5531]:6253[6253]:723[723]
14433	9031+921	0	2731	1	22348at50557_7130_0:000f23|STRG.6171.2|+|126|4.905e-32|1|9031|9951|9031[9031]:9951[9951]:921[921]
14587	1127+681	0	1407	1	12555at50557_7004_0:002cc8|STRG.8867.1|+|86|5.393e-20|1|1127|1807|1127[1127]:1807[1807]:681[681]
14587	473+960	0	2276	1	12555at50557_51655_0:003c27|STRG.8867.1|+|144|1.871e-37|1|473|1432|473[473]:1432[1432]:960[960]
14602	1833+522	0	774	1	73720at50557_7539_0:00343d|STRG.9118.3|+|124|1.962e-31|1|1833|2354|1833[1833]:2354[2354]:522[522]
14650	359+1389	0	1912	1	94143at50557_7130_0:00208a|STRG.9980.1|+|89|6.741e-21|1|359|1747|359[359]:1747[1747]:1389[1389]
14667	195+483	0	2000	1	94143at50557_93721_0:004549|STRG.10311.4|+|76|5.522e-17|1|195|677|195[195]:677[677]:483[483]
14813	703+615	0	883	1	12555at50557_197043_0:003291|STRG.12917.1|+|77|2.761e-17|1|703|1317|703[703]:1317[1317]:615[615]
14822	382+706	0	332	1	68599at50557_132113_0:0034ac|STRG.13095.4|+|125|9.81e-32|2|382|1087|382[382]:462[462]:81[81]|887[887]:1087[1087]:201[201]
14826	1333+618	0	1820	1	86488at50557_56086_0:003ad7|STRG.13172.1|+|33|0.0004858|1|1333|1950|1333[1333]:1950[1950]:618[618]
14836	261+1941	0	1259	1	37475at50557_30019_0:000686|STRG.13347.1|+|53|4.633e-10|1|261|2201|261[261]:2201[2201]:1941[1941]
14878	186+1464	0	693	1	94143at50557_319348_0:0040ff|STRG.14059.1|+|287|1.678e-80|1|186|1649|186[186]:1649[1649]:1464[1464]
14960	1763+1227	0	622	1	12555at50557_166423_0:002c53|STRG.15511.2|+|153|3.654e-40|1|1763|2989|1763[1763]:2989[2989]:1227[1227]
14960	962+1170	0	1578	1	12555at50557_121225_0:000df9|STRG.15511.2|+|142|7.484e-37|1|962|2131|962[962]:2131[2131]:1170[1170]
14974	208+1068	0	1578	1	12555at50557_121225_0:000df9|STRG.15724.2|+|82|8.629e-19|1|208|1275|208[208]:1275[1275]:1068[1068]
14977	1433+795	0	2400	1	45935at50557_6973_0:001b70|STRG.15765.4|+|83|4.314e-19|1|1433|2227|1433[1433]:2227[2227]:795[795]
15081	2029+435	0	1172	1	37475at50557_30019_0:0005ac|STRG.909.4|+|37|3.036e-05|1|2029|2463|2029[2029]:2463[2463]:435[435]
15101	1599+174	0	150	1	60720at50557_7004_0:004a43|STRG.1272.10|+|34|0.0002429|1|1599|1772|1599[1599]:1772[1772]:174[174]
15104	2960+171	0	150	1	60720at50557_7004_0:004a43|STRG.1331.6|+|55|1.158e-10|1|2960|3130|2960[2960]:3130[3130]:171[171]
15131	1334+714	0	388	1	37475at50557_1218281_0:002bc6|STRG.1816.11|+|43|4.744e-07|1|1334|2047|1334[1334]:2047[2047]:714[714]
15159	688+537	0	606	1	94143at50557_319348_0:0009e2|STRG.2313.1|+|55|1.158e-10|1|688|1224|688[688]:1224[1224]:537[537]
15196	4019+231	0	150	1	60720at50557_7004_0:004a43|STRG.3000.1|+|34|0.0002429|1|4019|4249|4019[4019]:4249[4249]:231[231]
15202	2898+342	0	1839	1	12555at50557_121845_0:00419d|STRG.3112.2|+|62|9.048e-13|1|2898|3239|2898[2898]:3239[3239]:342[342]
15230	1629+489	0	1756	1	12555at50557_7536_0:00436b|STRG.3631.1|+|60|3.619e-12|1|1629|2117|1629[1629]:2117[2117]:489[489]
15315	500+1140	0	2345	1	94143at50557_286706_0:002f5f|STRG.5137.1|+|83|4.314e-19|1|500|1639|500[500]:1639[1639]:1140[1140]
15330	45+1296	0	1735	1	94143at50557_121225_0:000c15|STRG.5388.1|+|74|2.209e-16|1|45|1340|45[45]:1340[1340]:1296[1296]
15371	5711+723	0	2397	1	45935at50557_1041015_0:0000df|STRG.6135.7|+|124|1.962e-31|1|5711|6433|5711[5711]:6433[6433]:723[723]
15520	560+546	0	1172	1	37475at50557_30019_0:0005ac|STRG.8740.1|+|55|1.158e-10|1|560|1105|560[560]:1105[1105]:546[546]
15541	167+735	0	222	1	45935at50557_108931_0:001010|STRG.9102.1|+|114|2.009e-28|1|167|901|167[167]:901[901]:735[735]
15542	1833+522	0	774	1	73720at50557_7539_0:00343d|STRG.9118.4|+|124|1.962e-31|1|1833|2354|1833[1833]:2354[2354]:522[522]
15590	359+1368	0	1912	1	94143at50557_7130_0:00208a|STRG.9980.3|+|87|2.696e-20|1|359|1726|359[359]:1726[1726]:1368[1368]
15707	1947+729	0	2651	1	37475at50557_39758_0:000c43|STRG.12078.1|+|38|1.518e-05|1|1947|2675|1947[1947]:2675[2675]:729[729]
15724	362+411	0	374	1	139832at50557_133901_0:0004e3|STRG.12358.2|+|65|1.131e-13|1|362|772|362[362]:772[772]:411[411]
15762	1+918	0	1550	1	68599at50557_2015173_0:0007c3|STRG.13095.5|+|441|7.348e-127|1|1|918|1[1]:918[918]:918[918]
15818	348+1464	0	693	1	94143at50557_319348_0:0040ff|STRG.14059.2|+|287|1.678e-80|1|348|1811|348[348]:1811[1811]:1464[1464]
15880	1107+429	0	2397	1	45935at50557_1041015_0:0000df|STRG.15203.7|+|81|1.726e-18|1|1107|1535|1107[1107]:1535[1535]:429[429]
15914	782+1068	0	1578	1	12555at50557_121225_0:000df9|STRG.15724.3|+|82|8.629e-19|1|782|1849|782[782]:1849[1849]:1068[1068]
15917	891+795	0	2400	1	45935at50557_6973_0:001b70|STRG.15765.5|+|83|4.314e-19|1|891|1685|891[891]:1685[1685]:795[795]
15935	1318+492	0	653	1	37475at50557_83485_0:000559|STRG.16090.1|+|36|6.072e-05|1|1318|1809|1318[1318]:1809[1809]:492[492]
16021	1683+435	0	1172	1	37475at50557_30019_0:0005ac|STRG.909.5|+|37|3.036e-05|1|1683|2117|1683[1683]:2117[2117]:435[435]
16041	1611+177	0	150	1	60720at50557_7004_0:004a43|STRG.1272.17|+|36|6.072e-05|1|1611|1787|1611[1611]:1787[1787]:177[177]
16044	1172+171	0	150	1	60720at50557_7004_0:004a43|STRG.1331.7|+|55|1.158e-10|1|1172|1342|1172[1172]:1342[1342]:171[171]
16071	1346+714	0	388	1	37475at50557_1218281_0:002bc6|STRG.1816.12|+|43|4.744e-07|1|1346|2059|1346[1346]:2059[2059]:714[714]
16090	300+681	0	2651	1	37475at50557_39758_0:000c43|STRG.2144.1|+|49|7.412e-09|1|300|980|300[300]:980[980]:681[681]
16099	335+1266	0	693	1	94143at50557_319348_0:0040ff|STRG.2313.2|+|85|1.079e-19|1|335|1600|335[335]:1600[1600]:1266[1266]
16135	917+261	0	1839	1	12555at50557_121845_0:00419d|STRG.2987.1|+|44|2.372e-07|1|917|1177|917[917]:1177[1177]:261[261]
16136	2390+231	0	150	1	60720at50557_7004_0:004a43|STRG.3000.2|+|34|0.0002429|1|2390|2620|2390[2390]:2620[2620]:231[231]
16142	2907+567	0	1407	1	12555at50557_7004_0:002cc8|STRG.3112.3|+|96|5.267e-23|1|2907|3473|2907[2907]:3473[3473]:567[567]
16153	2+3612	0	880	1	12503at50557_64793_0:001601|STRG.3315.1|+|2363|0|1|2|3613|2[2]:3613[3613]:3612[3612]
16153	3609+2119	0	1489	1	12503at50557_6973_0:006372|STRG.3315.1|+|766|1.075e-224|2|3609|5727|3609[3609]:5030[5030]:1422[1422]|5044[5044]:5727[5727]:684[684]
16170	1308+489	0	1756	1	12555at50557_7536_0:00436b|STRG.3631.2|+|60|3.619e-12|1|1308|1796|1308[1308]:1796[1796]:489[489]
16180	1046+603	0	244	1	68599at50557_13037_0:000b5c|STRG.3804.1|+|72|8.836e-16|1|1046|1648|1046[1046]:1648[1648]:603[603]
16248	353+1209	0	1578	1	12555at50557_121225_0:000df9|STRG.5019.1|+|141|1.497e-36|1|353|1561|353[353]:1561[1561]:1209[1209]
16270	45+1293	0	1735	1	94143at50557_121225_0:000c15|STRG.5388.2|+|75|1.104e-16|1|45|1337|45[45]:1337[1337]:1293[1293]
16311	3107+723	0	2397	1	45935at50557_1041015_0:0000df|STRG.6135.8|+|124|1.962e-31|1|3107|3829|3107[3107]:3829[3829]:723[723]
16522	2175+549	0	39	1	37475at50557_411798_0:00107d|STRG.9836.1|+|33|0.0004858|1|2175|2723|2175[2175]:2723[2723]:549[549]
16530	359+1335	0	1912	1	94143at50557_7130_0:00208a|STRG.9980.4|+|85|1.079e-19|1|359|1693|359[359]:1693[1693]:1335[1335]
16590	768+1149	0	622	1	12555at50557_166423_0:002c53|STRG.11084.1|+|123|3.924e-31|1|768|1916|768[768]:1916[1916]:1149[1149]
16590	1407+546	0	1756	1	12555at50557_7536_0:00436b|STRG.11084.1|+|76|5.522e-17|1|1407|1952|1407[1407]:1952[1952]:546[546]
16590	4707+1029	0	2539	1	12555at50557_93721_0:0043db|STRG.11084.1|+|100|3.292e-24|1|4707|5735|4707[4707]:5735[5735]:1029[1029]
16647	1824+729	0	2651	1	37475at50557_39758_0:000c43|STRG.12078.2|+|38|1.518e-05|1|1824|2552|1824[1824]:2552[2552]:729[729]
16739	757+534	0	125	1	37475at50557_1155016_0:0070e2|STRG.13748.1|+|36|6.072e-05|1|757|1290|757[757]:1290[1290]:534[534]
16739	1495+261	0	217	1	37475at50557_7536_0:004769|STRG.13748.1|+|40|3.795e-06|1|1495|1755|1495[1495]:1755[1755]:261[261]
16755	4+756	0	2052	1	45935at50557_67767_0:003589|STRG.14019.1|+|158|1.142e-41|1|4|759|4[4]:759[759]:756[756]
16756	2629+840	0	2052	1	45935at50557_67767_0:003589|STRG.14035.1|+|159|5.71e-42|1|2629|3468|2629[2629]:3468[3468]:840[840]
16758	684+1464	0	693	1	94143at50557_319348_0:0040ff|STRG.14059.3|+|287|1.678e-80|1|684|2147|684[684]:2147[2147]:1464[1464]
16767	180+1308	0	1651	1	94143at50557_7038_0:001312|STRG.14229.1|+|91|1.685e-21|1|180|1487|180[180]:1487[1487]:1308[1308]
16774	226+1167	0	2345	1	94143at50557_286706_0:002f5f|STRG.14355.1|+|112|8.036e-28|1|226|1392|226[226]:1392[1392]:1167[1167]
16820	1113+805	0	2052	1	45935at50557_67767_0:003589|STRG.15203.6|+|143|3.742e-37|2|1113|1917|1113[1113]:1253[1253]:141[141]|1381[1381]:1917[1917]:537[537]
16854	751+1068	0	1578	1	12555at50557_121225_0:000df9|STRG.15724.4|+|82|8.629e-19|1|751|1818|751[751]:1818[1818]:1068[1068]
16875	975+492	0	653	1	37475at50557_83485_0:000559|STRG.16090.4|+|36|6.072e-05|1|975|1466|975[975]:1466[1466]:492[492]
16879	1575+795	0	70	1	68599at50557_680683_0:0013ee|STRG.16163.1|+|76|5.522e-17|1|1575|2369|1575[1575]:2369[2369]:795[795]
16961	1923+435	0	1172	1	37475at50557_30019_0:0005ac|STRG.909.6|+|37|3.036e-05|1|1923|2357|1923[1923]:2357[2357]:435[435]
16968	311+639	0	1205	1	73720at50557_108931_0:0048b3|STRG.1036.5|+|149|5.847e-39|1|311|949|311[311]:949[949]:639[639]
16977	600+381	0	2421	1	68599at50557_610380_0:002445|STRG.1206.2|+|79|6.903e-18|1|600|980|600[600]:980[980]:381[381]
16981	1611+177	0	150	1	60720at50557_7004_0:004a43|STRG.1272.14|+|36|6.072e-05|1|1611|1787|1611[1611]:1787[1787]:177[177]
17011	1349+714	0	388	1	37475at50557_1218281_0:002bc6|STRG.1816.2|+|43|4.744e-07|1|1349|2062|1349[1349]:2062[2062]:714[714]
17075	3674+261	0	1839	1	12555at50557_121845_0:00419d|STRG.2987.2|+|44|2.372e-07|1|3674|3934|3674[3674]:3934[3934]:261[261]
17082	3024+567	0	1407	1	12555at50557_7004_0:002cc8|STRG.3112.4|+|96|5.267e-23|1|3024|3590|3024[3024]:3590[3590]:567[567]
17093	192+510	0	2186	1	12503at50557_74869_0:00222a|STRG.3315.2|+|216|3.962e-59|1|192|701|192[192]:701[701]:510[510]
17110	1121+489	0	1756	1	12555at50557_7536_0:00436b|STRG.3631.3|+|60|3.619e-12|1|1121|1609|1121[1121]:1609[1609]:489[489]
17152	2300+417	0	1172	1	37475at50557_30019_0:0005ac|STRG.4355.1|+|41|1.897e-06|1|2300|2716|2300[2300]:2716[2716]:417[417]
17173	314+2244	0	2650	1	37475at50557_217634_0:002190|STRG.4733.1|+|61|1.81e-12|1|314|2557|314[314]:2557[2557]:2244[2244]
17188	1193+1227	0	622	1	12555at50557_166423_0:002c53|STRG.5019.4|+|138|1.197e-35|1|1193|2419|1193[1193]:2419[2419]:1227[1227]
17188	353+1209	0	1578	1	12555at50557_121225_0:000df9|STRG.5019.4|+|141|1.497e-36|1|353|1561|353[353]:1561[1561]:1209[1209]
17251	3011+723	0	2397	1	45935at50557_1041015_0:0000df|STRG.6135.10|+|124|1.962e-31|1|3011|3733|3011[3011]:3733[3733]:723[723]
17287	658+240	0	150	1	60720at50557_7004_0:004a43|STRG.6782.1|+|34|0.0002429|1|658|897|658[658]:897[897]:240[240]
17380	464+435	0	858	1	73720at50557_197043_0:001370|STRG.8353.7|+|125|9.81e-32|1|464|898|464[464]:898[898]:435[435]
17462	1758+549	0	39	1	37475at50557_411798_0:00107d|STRG.9836.2|+|33|0.0004858|1|1758|2306|1758[1758]:2306[2306]:549[549]
17470	359+993	0	1912	1	94143at50557_7130_0:00208a|STRG.9980.6|+|53|4.633e-10|1|359|1351|359[359]:1351[1351]:993[993]
17587	1860+729	0	2651	1	37475at50557_39758_0:000c43|STRG.12078.3|+|38|1.518e-05|1|1860|2588|1860[1860]:2588[2588]:729[729]
17635	654+468	0	1172	1	37475at50557_30019_0:0005ac|STRG.12964.1|+|39|7.59e-06|1|654|1121|654[654]:1121[1121]:468[468]
17679	757+534	0	125	1	37475at50557_1155016_0:0070e2|STRG.13748.2|+|36|6.072e-05|1|757|1290|757[757]:1290[1290]:534[534]
17679	1495+261	0	217	1	37475at50557_7536_0:004769|STRG.13748.2|+|40|3.795e-06|1|1495|1755|1495[1495]:1755[1755]:261[261]
17698	651+1464	0	693	1	94143at50557_319348_0:0040ff|STRG.14059.4|+|287|1.678e-80|1|651|2114|651[651]:2114[2114]:1464[1464]
17707	717+396	0	1822	1	94143at50557_1218281_0:001751|STRG.14229.2|+|54|2.316e-10|1|717|1112|717[717]:1112[1112]:396[396]
17714	612+1152	0	2345	1	94143at50557_286706_0:002f5f|STRG.14355.2|+|111|1.607e-27|1|612|1763|612[612]:1763[1763]:1152[1152]
17727	55+366	0	804	1	129938at50557_103372_0:002509|STRG.14615.2|+|260|2.252e-72|1|55|420|55[55]:420[420]:366[366]
17815	798+492	0	653	1	37475at50557_83485_0:000559|STRG.16090.2|+|36|6.072e-05|1|798|1289|798[798]:1289[1289]:492[492]
17896	1308+180	0	150	1	60720at50557_7004_0:004a43|STRG.822.1|+|36|6.072e-05|1|1308|1487|1308[1308]:1487[1487]:180[180]
17900	709+654	0	2539	1	12555at50557_93721_0:0043db|STRG.910.1|+|76|5.522e-17|1|709|1362|709[709]:1362[1362]:654[654]
17907	738+639	0	1205	1	73720at50557_108931_0:0048b3|STRG.1036.4|+|149|5.847e-39|1|738|1376|738[738]:1376[1376]:639[639]
17920	936+150	0	150	1	60720at50557_7004_0:004a43|STRG.1272.5|+|35|0.0001214|1|936|1085|936[936]:1085[1085]:150[150]
17923	1128+741	0	2731	1	22348at50557_7130_0:000f23|STRG.1333.1|+|89|6.741e-21|1|1128|1868|1128[1128]:1868[1868]:741[741]
17942	59+693	0	2052	1	45935at50557_67767_0:003589|STRG.1681.1|+|90|3.371e-21|1|59|751|59[59]:751[751]:693[693]
17950	1289+714	0	388	1	37475at50557_1218281_0:002bc6|STRG.1816.3|+|43|4.744e-07|1|1289|2002|1289[1289]:2002[2002]:714[714]
18014	3359+261	0	1839	1	12555at50557_121845_0:00419d|STRG.2987.3|+|44|2.372e-07|1|3359|3619|3359[3359]:3619[3619]:261[261]
18032	162+3116	0	1573	1	12503at50557_103372_0:0028e9|STRG.3315.7|+|1976|0|2|162|3277|162[162]:3050[3050]:2889[2889]|3128[3128]:3277[3277]:150[150]
18049	1036+390	0	1756	1	12555at50557_7536_0:00436b|STRG.3631.4|+|57|2.895e-11|1|1036|1425|1036[1036]:1425[1425]:390[390]
18108	1516+585	0	294	1	22348at50557_123851_0:0033f4|STRG.4643.1|+|40|3.795e-06|1|1516|2100|1516[1516]:2100[2100]:585[585]
18127	1193+1227	0	622	1	12555at50557_166423_0:002c53|STRG.5019.3|+|138|1.197e-35|1|1193|2419|1193[1193]:2419[2419]:1227[1227]
18127	353+1209	0	1578	1	12555at50557_121225_0:000df9|STRG.5019.3|+|141|1.497e-36|1|353|1561|353[353]:1561[1561]:1209[1209]
18190	2964+723	0	2397	1	45935at50557_1041015_0:0000df|STRG.6135.11|+|124|1.962e-31|1|2964|3686|2964[2964]:3686[3686]:723[723]
18226	1175+240	0	150	1	60720at50557_7004_0:004a43|STRG.6782.2|+|34|0.0002429|1|1175|1414|1175[1175]:1414[1414]:240[240]
18238	118+1188	0	693	1	94143at50557_319348_0:0040ff|STRG.6972.3|+|104|2.057e-25|1|118|1305|118[118]:1305[1305]:1188[1188]
18275	610+405	0	1308	1	10394at50557_121845_0:000983|STRG.7625.1|+|52|9.265e-10|1|610|1014|610[610]:1014[1014]:405[405]
18285	689+555	0	2316	1	52049at50557_28612_0:005714|STRG.7791.1|+|72|8.836e-16|1|689|1243|689[689]:1243[1243]:555[555]
18339	156+855	0	1867	1	37475at50557_1629725_0:0002a1|STRG.8742.1|+|46|5.93e-08|1|156|1010|156[156]:1010[1010]:855[855]
18618	757+534	0	125	1	37475at50557_1155016_0:0070e2|STRG.13748.3|+|36|6.072e-05|1|757|1290|757[757]:1290[1290]:534[534]
18618	1495+261	0	217	1	37475at50557_7536_0:004769|STRG.13748.3|+|40|3.795e-06|1|1495|1755|1495[1495]:1755[1755]:261[261]
18653	409+1152	0	2345	1	94143at50557_286706_0:002f5f|STRG.14355.3|+|111|1.607e-27|1|409|1560|409[409]:1560[1560]:1152[1152]
18666	55+448	0	1156	1	129938at50557_83485_0:001b9a|STRG.14615.1|+|260|2.252e-72|2|55|502|55[55]:399[399]:345[345]|404[404]:502[502]:99[99]
18719	1763+1227	0	622	1	12555at50557_166423_0:002c53|STRG.15511.11|+|153|3.654e-40|1|1763|2989|1763[1763]:2989[2989]:1227[1227]
18719	962+1170	0	1578	1	12555at50557_121225_0:000df9|STRG.15511.11|+|142|7.484e-37|1|962|2131|962[962]:2131[2131]:1170[1170]
18754	519+492	0	653	1	37475at50557_83485_0:000559|STRG.16090.3|+|36|6.072e-05|1|519|1010|519[519]:1010[1010]:492[492]
18846	446+639	0	1205	1	73720at50557_108931_0:0048b3|STRG.1036.6|+|149|5.847e-39|1|446|1084|446[446]:1084[1084]:639[639]
18862	126+741	0	2731	1	22348at50557_7130_0:000f23|STRG.1333.2|+|89|6.741e-21|1|126|866|126[126]:866[866]:741[741]
18869	1465+177	0	150	1	60720at50557_7004_0:004a43|STRG.1465.1|+|35|0.0001214|1|1465|1641|1465[1465]:1641[1641]:177[177]
18889	1310+714	0	388	1	37475at50557_1218281_0:002bc6|STRG.1816.4|+|43|4.744e-07|1|1310|2023|1310[1310]:2023[2023]:714[714]
18953	3341+261	0	1839	1	12555at50557_121845_0:00419d|STRG.2987.4|+|44|2.372e-07|1|3341|3601|3341[3341]:3601[3601]:261[261]
18971	2+3951	0	2531	1	12503at50557_286306_0:001b65|STRG.3315.3|+|2549|0|1|2|3952|2[2]:3952[3952]:3951[3951]
18983	290+1434	0	693	1	94143at50557_319348_0:0040ff|STRG.3558.1|+|249|4.613e-69|1|290|1723|290[290]:1723[1723]:1434[1434]
19033	44+426	0	2087	1	99327at50557_103372_0:002b4f|STRG.4407.1|+|289|4.195e-81|1|44|469|44[44]:469[469]:426[426]
19050	462+660	0	2651	1	37475at50557_39758_0:000c43|STRG.4718.1|+|55|1.158e-10|1|462|1121|462[462]:1121[1121]:660[660]
19066	1193+1227	0	622	1	12555at50557_166423_0:002c53|STRG.5019.2|+|138|1.197e-35|1|1193|2419|1193[1193]:2419[2419]:1227[1227]
19066	353+1209	0	1578	1	12555at50557_121225_0:000df9|STRG.5019.2|+|141|1.497e-36|1|353|1561|353[353]:1561[1561]:1209[1209]
19073	335+1215	0	693	1	94143at50557_319348_0:0040ff|STRG.5141.1|+|102|8.229e-25|1|335|1549|335[335]:1549[1549]:1215[1215]
19076	832+924	0	855	1	68599at50557_37001_0:002768|STRG.5192.1|+|83|4.314e-19|1|832|1755|832[832]:1755[1755]:924[924]
19093	455+813	0	120	1	22348at50557_7160_0:003e40|STRG.5472.1|+|82|8.629e-19|1|455|1267|455[455]:1267[1267]:813[813]
19104	55+939	0	2518	1	94143at50557_13249_0:002e7e|STRG.5663.1|+|68|1.414e-14|1|55|993|55[55]:993[993]:939[939]
19129	3014+723	0	2397	1	45935at50557_1041015_0:0000df|STRG.6135.9|+|124|1.962e-31|1|3014|3736|3014[3014]:3736[3736]:723[723]
19131	13059+921	0	2731	1	22348at50557_7130_0:000f23|STRG.6171.3|+|126|4.905e-32|1|13059|13979|13059[13059]:13979[13979]:921[921]
19165	1326+240	0	150	1	60720at50557_7004_0:004a43|STRG.6782.3|+|34|0.0002429|1|1326|1565|1326[1326]:1565[1565]:240[240]
19166	1630+1518	0	2400	1	45935at50557_6973_0:001b70|STRG.6797.1|+|66|5.655e-14|1|1630|3147|1630[1630]:3147[3147]:1518[1518]
19175	2072+675	0	700	1	10394at50557_197043_0:003f06|STRG.6936.1|+|52|9.265e-10|1|2072|2746|2072[2072]:2746[2746]:675[675]
19177	347+1188	0	693	1	94143at50557_319348_0:0040ff|STRG.6972.1|+|104|2.057e-25|1|347|1534|347[347]:1534[1534]:1188[1188]
19214	631+405	0	1308	1	10394at50557_121845_0:000983|STRG.7625.3|+|52|9.265e-10|1|631|1035|631[631]:1035[1035]:405[405]
19219	1787+783	0	1867	1	37475at50557_1629725_0:0002a1|STRG.7708.1|+|36|6.072e-05|1|1787|2569|1787[1787]:2569[2569]:783[783]
19224	550+555	0	2316	1	52049at50557_28612_0:005714|STRG.7791.2|+|72|8.836e-16|1|550|1104|550[550]:1104[1104]:555[555]
19280	983+579	0	2421	1	68599at50557_610380_0:002445|STRG.8783.1|+|87|2.696e-20|1|983|1561|983[983]:1561[1561]:579[579]
19432	3389+429	0	217	1	37475at50557_7536_0:004769|STRG.11504.1|+|40|3.795e-06|1|3389|3817|3389[3389]:3817[3817]:429[429]
19486	47+1926	0	1511	1	1593at50557_7536_0:00266e|STRG.12430.1|+|123|3.924e-31|1|47|1972|47[47]:1972[1972]:1926[1926]
19521	331+348	0	2478	1	37475at50557_7029_0:0049bc|STRG.13119.1|+|39|7.59e-06|1|331|678|331[331]:678[678]:348[348]
19605	55+339	0	19	1	129938at50557_13686_0:002b4f|STRG.14615.3|+|200|2.597e-54|1|55|393|55[55]:393[393]:339[339]
19653	932+1281	0	693	1	94143at50557_319348_0:0040ff|STRG.15437.1|+|99|6.583e-24|1|932|2212|932[932]:2212[2212]:1281[1281]
19658	1763+1227	0	622	1	12555at50557_166423_0:002c53|STRG.15511.13|+|153|3.654e-40|1|1763|2989|1763[1763]:2989[2989]:1227[1227]
19658	962+1170	0	1578	1	12555at50557_121225_0:000df9|STRG.15511.13|+|142|7.484e-37|1|962|2131|962[962]:2131[2131]:1170[1170]
19693	2176+492	0	653	1	37475at50557_83485_0:000559|STRG.16090.5|+|36|6.072e-05|1|2176|2667|2176[2176]:2667[2667]:492[492]
19785	1834+639	0	1205	1	73720at50557_108931_0:0048b3|STRG.1036.3|+|149|5.847e-39|1|1834|2472|1834[1834]:2472[2472]:639[639]
19798	386+714	0	1115	1	68599at50557_166361_0:00188c|STRG.1272.18|+|79|6.903e-18|1|386|1099|386[386]:1099[1099]:714[714]
19804	324+741	0	1867	1	37475at50557_1629725_0:0002a1|STRG.1398.1|+|37|3.036e-05|1|324|1064|324[324]:1064[1064]:741[741]
19808	1675+177	0	150	1	60720at50557_7004_0:004a43|STRG.1465.2|+|35|0.0001214|1|1675|1851|1675[1675]:1851[1851]:177[177]
19828	1373+714	0	388	1	37475at50557_1218281_0:002bc6|STRG.1816.5|+|43|4.744e-07|1|1373|2086|1373[1373]:2086[2086]:714[714]
19892	3188+261	0	1839	1	12555at50557_121845_0:00419d|STRG.2987.7|+|44|2.372e-07|1|3188|3448|3188[3188]:3448[3448]:261[261]
19907	267+786	0	2052	1	45935at50557_67767_0:003589|STRG.3268.1|+|84|2.157e-19|1|267|1052|267[267]:1052[1052]:786[786]
19908	2+705	0	2052	1	45935at50557_67767_0:003589|STRG.3290.1|+|153|3.654e-40|1|2|706|2[2]:706[706]:705[705]
19910	2+4101	0	880	1	12503at50557_64793_0:001601|STRG.3315.4|+|2648|0|1|2|4102|2[2]:4102[4102]:4101[4101]
19972	342+846	0	871	1	99327at50557_34720_0:00145f|STRG.4408.1|+|562|2.764e-163|1|342|1187|342[342]:1187[1187]:846[846]
20005	1258+1227	0	622	1	12555at50557_166423_0:002c53|STRG.5019.5|+|138|1.197e-35|1|1258|2484|1258[1258]:2484[2484]:1227[1227]
20005	418+1209	0	1578	1	12555at50557_121225_0:000df9|STRG.5019.5|+|141|1.497e-36|1|418|1626|418[418]:1626[1626]:1209[1209]
20006	928+192	0	150	1	60720at50557_7004_0:004a43|STRG.5036.1|+|40|3.795e-06|1|928|1119|928[928]:1119[1119]:192[192]
20014	1045+372	0	2421	1	68599at50557_610380_0:002445|STRG.5174.1|+|76|5.522e-17|1|1045|1416|1045[1045]:1416[1416]:372[372]
20070	13064+921	0	2731	1	22348at50557_7130_0:000f23|STRG.6171.4|+|126|4.905e-32|1|13064|13984|13064[13064]:13984[13984]:921[921]
20104	1706+240	0	150	1	60720at50557_7004_0:004a43|STRG.6782.4|+|34|0.0002429|1|1706|1945|1706[1706]:1945[1945]:240[240]
20105	1278+1518	0	2400	1	45935at50557_6973_0:001b70|STRG.6797.3|+|66|5.655e-14|1|1278|2795|1278[1278]:2795[2795]:1518[1518]
20114	1625+675	0	700	1	10394at50557_197043_0:003f06|STRG.6936.2|+|52|9.265e-10|1|1625|2299|1625[1625]:2299[2299]:675[675]
20116	579+1188	0	693	1	94143at50557_319348_0:0040ff|STRG.6972.2|+|104|2.057e-25|1|579|1766|579[579]:1766[1766]:1188[1188]
20153	1461+405	0	1308	1	10394at50557_121845_0:000983|STRG.7625.2|+|52|9.265e-10|1|1461|1865|1461[1461]:1865[1865]:405[405]
20158	1807+783	0	1867	1	37475at50557_1629725_0:0002a1|STRG.7708.2|+|36|6.072e-05|1|1807|2589|1807[1807]:2589[2589]:783[783]
20163	347+555	0	2316	1	52049at50557_28612_0:005714|STRG.7791.3|+|72|8.836e-16|1|347|901|347[347]:901[901]:555[555]
20323	1434+543	0	1172	1	37475at50557_30019_0:0005ac|STRG.10661.1|+|57|2.895e-11|1|1434|1976|1434[1434]:1976[1976]:543[543]
20355	1592+711	0	2539	1	12555at50557_93721_0:0043db|STRG.11223.1|+|83|4.314e-19|1|1592|2302|1592[1592]:2302[2302]:711[711]
20365	389+418	0	1756	1	12555at50557_7536_0:00436b|STRG.11397.3|+|62|9.048e-13|2|389|806|389[389]:535[535]:147[147]|537[537]:806[806]:270[270]
20425	160+4719	0	27	1	1593at50557_28612_0:003870|STRG.12430.2|+|337|1.49e-95|1|160|4878|160[160]:4878[4878]:4719[4719]
20460	220+348	0	2478	1	37475at50557_7029_0:0049bc|STRG.13119.3|+|39|7.59e-06|1|220|567|220[220]:567[567]:348[348]
20486	538+846	0	622	1	12555at50557_166423_0:002c53|STRG.13592.1|+|115|1.005e-28|1|538|1383|538[538]:1383[1383]:846[846]
20544	78+201	0	2720	1	129938at50557_64793_0:002ef7|STRG.14615.4|+|136|4.79e-35|1|78|278|78[78]:278[278]:201[201]
20592	395+1293	0	693	1	94143at50557_319348_0:0040ff|STRG.15437.2|+|98|1.317e-23|1|395|1687|395[395]:1687[1687]:1293[1293]
20597	1763+1227	0	622	1	12555at50557_166423_0:002c53|STRG.15511.14|+|153|3.654e-40|1|1763|2989|1763[1763]:2989[2989]:1227[1227]
20597	962+1170	0	1578	1	12555at50557_121225_0:000df9|STRG.15511.14|+|142|7.484e-37|1|962|2131|962[962]:2131[2131]:1170[1170]
20632	2100+492	0	653	1	37475at50557_83485_0:000559|STRG.16090.6|+|36|6.072e-05|1|2100|2591|2100[2100]:2591[2591]:492[492]
20633	466+1026	0	693	1	94143at50557_319348_0:0040ff|STRG.16102.2|+|81|1.726e-18|1|466|1491|466[466]:1491[1491]:1026[1026]
20656	6998+300	0	1839	1	12555at50557_121845_0:00419d|STRG.16501.1|+|44|2.372e-07|1|6998|7297|6998[6998]:7297[7297]:300[300]
20722	19+1407	0	1909	1	94143at50557_121845_0:0041d2|STRG.995.1|+|92|8.427e-22|1|19|1425|19[19]:1425[1425]:1407[1407]
20737	211+150	0	150	1	60720at50557_7004_0:004a43|STRG.1272.19|+|35|0.0001214|1|211|360|211[211]:360[360]:150[150]
20767	1397+714	0	388	1	37475at50557_1218281_0:002bc6|STRG.1816.6|+|43|4.744e-07|1|1397|2110|1397[1397]:2110[2110]:714[714]
20831	3854+261	0	1839	1	12555at50557_121845_0:00419d|STRG.2987.6|+|44|2.372e-07|1|3854|4114|3854[3854]:4114[4114]:261[261]
20847	2+772	0	2052	1	45935at50557_67767_0:003589|STRG.3290.2|+|157|2.284e-41|2|2|773|2[2]:601[601]:600[600]|663[669]:773[773]:111[105]
20849	2+3462	0	2531	1	12503at50557_286306_0:001b65|STRG.3315.6|+|2262|0|1|2|3463|2[2]:3463[3463]:3462[3462]
20880	582+375	0	2421	1	68599at50557_610380_0:002445|STRG.3882.2|+|59|7.238e-12|1|582|956|582[582]:956[956]:375[375]
20890	868+732	0	2214	1	37475at50557_104421_0:00187d|STRG.4040.1|+|48|1.482e-08|1|868|1599|868[868]:1599[1599]:732[732]
20894	219+225	0	2055	1	52049at50557_246812_0:000eec|STRG.4118.1|+|44|2.372e-07|1|219|443|219[219]:443[443]:225[225]
20902	1875+648	0	1578	1	12555at50557_121225_0:000df9|STRG.4264.1|+|68|1.414e-14|1|1875|2522|1875[1875]:2522[2522]:648[648]
20944	1065+555	0	1058	1	12555at50557_378494_0:000ae9|STRG.5019.6|+|80|3.452e-18|1|1065|1619|1065[1065]:1619[1619]:555[555]
20944	411+1209	0	1578	1	12555at50557_121225_0:000df9|STRG.5019.6|+|141|1.497e-36|1|411|1619|411[411]:1619[1619]:1209[1209]
20951	307+1146	0	1651	1	94143at50557_7038_0:001312|STRG.5143.1|+|94|2.107e-22|1|307|1452|307[307]:1452[1452]:1146[1146]
20952	1944+345	0	1956	1	37475at50557_67767_0:003ae5|STRG.5159.1|+|32|0.0009715|1|1944|2288|1944[1944]:2288[2288]:345[345]
21012	592+471	0	1338	1	22348at50557_168631_0:001c73|STRG.6242.1|+|50|3.706e-09|1|592|1062|592[592]:1062[1062]:471[471]
21043	1555+240	0	150	1	60720at50557_7004_0:004a43|STRG.6782.5|+|34|0.0002429|1|1555|1794|1555[1555]:1794[1794]:240[240]
21044	1068+1518	0	2400	1	45935at50557_6973_0:001b70|STRG.6797.2|+|66|5.655e-14|1|1068|2585|1068[1068]:2585[2585]:1518[1518]
21053	1502+675	0	700	1	10394at50557_197043_0:003f06|STRG.6936.3|+|52|9.265e-10|1|1502|2176|1502[1502]:2176[2176]:675[675]
21055	680+810	0	2344	1	94143at50557_13164_0:00252e|STRG.6973.1|+|89|6.741e-21|1|680|1489|680[680]:1489[1489]:810[810]
21092	4046+405	0	1308	1	10394at50557_121845_0:000983|STRG.7625.5|+|52|9.265e-10|1|4046|4450|4046[4046]:4450[4450]:405[405]
21098	2148+822	0	222	1	45935at50557_108931_0:001010|STRG.7724.1|+|167|2.23e-44|1|2148|2969|2148[2148]:2969[2969]:822[822]
21167	81+321	0	1245	1	139832at50557_568069_0:000194|STRG.8942.1|+|42|9.487e-07|1|81|401|81[81]:401[401]:321[321]
21176	1563+462	0	1551	1	68599at50557_45779_0:00011e|STRG.9089.1|+|83|4.314e-19|1|1563|2024|1563[1563]:2024[2024]:462[462]
21260	678+399	0	2653	1	37475at50557_74869_0:0027f7|STRG.10627.1|+|36|6.072e-05|1|678|1076|678[678]:1076[1076]:399[399]
21262	1428+543	0	1172	1	37475at50557_30019_0:0005ac|STRG.10661.2|+|57|2.895e-11|1|1428|1970|1428[1428]:1970[1970]:543[543]
21295	523+261	0	1839	1	12555at50557_121845_0:00419d|STRG.11245.1|+|58|1.448e-11|1|523|783|523[523]:783[783]:261[261]
21304	389+423	0	1756	1	12555at50557_7536_0:00436b|STRG.11397.2|+|57|2.895e-11|1|389|811|389[389]:811[811]:423[423]
21321	636+1014	0	2434	1	94143at50557_7176_0:001673|STRG.11702.3|+|40|3.795e-06|1|636|1649|636[636]:1649[1649]:1014[1014]
21344	4005+543	0	883	1	12555at50557_197043_0:003291|STRG.12089.1|+|72|8.836e-16|1|4005|4547|4005[4005]:4547[4547]:543[543]
21364	3459+1101	0	1510	1	1593at50557_7004_0:003ace|STRG.12430.3|+|96|5.267e-23|1|3459|4559|3459[3459]:4559[4559]:1101[1101]
21364	43+2166	0	1511	1	1593at50557_7536_0:00266e|STRG.12430.3|+|201|1.298e-54|1|43|2208|43[43]:2208[2208]:2166[2166]
21425	538+846	0	622	1	12555at50557_166423_0:002c53|STRG.13592.2|+|115|1.005e-28|1|538|1383|538[538]:1383[1383]:846[846]
21452	2846+756	0	2397	1	45935at50557_1041015_0:0000df|STRG.14038.1|+|165|8.922e-44|1|2846|3601|2846[2846]:3601[3601]:756[756]
21531	653+1281	0	693	1	94143at50557_319348_0:0040ff|STRG.15437.3|+|99|6.583e-24|1|653|1933|653[653]:1933[1933]:1281[1281]
21536	1763+1227	0	622	1	12555at50557_166423_0:002c53|STRG.15511.15|+|153|3.654e-40|1|1763|2989|1763[1763]:2989[2989]:1227[1227]
21536	962+1170	0	1578	1	12555at50557_121225_0:000df9|STRG.15511.15|+|142|7.484e-37|1|962|2131|962[962]:2131[2131]:1170[1170]
21571	842+492	0	653	1	37475at50557_83485_0:000559|STRG.16090.7|+|36|6.072e-05|1|842|1333|842[842]:1333[1333]:492[492]
21572	487+1026	0	693	1	94143at50557_319348_0:0040ff|STRG.16102.1|+|81|1.726e-18|1|487|1512|487[487]:1512[1512]:1026[1026]
21595	7130+300	0	1839	1	12555at50557_121845_0:00419d|STRG.16501.2|+|44|2.372e-07|1|7130|7429|7130[7130]:7429[7429]:300[300]
21661	151+1329	0	1217	1	94143at50557_7536_0:002739|STRG.996.1|+|87|2.696e-20|1|151|1479|151[151]:1479[1479]:1329[1329]
21692	697+393	0	911	1	37475at50557_29031_0:002211|STRG.1579.1|+|32|0.0009715|1|697|1089|697[697]:1089[1089]:393[393]
21706	1313+714	0	388	1	37475at50557_1218281_0:002bc6|STRG.1816.7|+|43|4.744e-07|1|1313|2026|1313[1313]:2026[2026]:714[714]
21732	2004+165	0	150	1	60720at50557_7004_0:004a43|STRG.2271.1|+|41|1.897e-06|1|2004|2168|2004[2004]:2168[2168]:165[165]
21770	3791+261	0	1839	1	12555at50557_121845_0:00419d|STRG.2987.5|+|44|2.372e-07|1|3791|4051|3791[3791]:4051[4051]:261[261]
21784	58+1353	0	814	1	1593at50557_66420_0:001103|STRG.3248.1|+|553|1.415e-160|1|58|1410|58[58]:1410[1410]:1353[1353]
21788	315+3810	0	2531	1	12503at50557_286306_0:001b65|STRG.3315.5|+|2440|0|1|315|4124|315[315]:4124[4124]:3810[3810]
21841	1401+648	0	1578	1	12555at50557_121225_0:000df9|STRG.4264.2|+|68|1.414e-14|1|1401|2048|1401[1401]:2048[2048]:648[648]
21861	956+1119	0	392	1	37475at50557_76194_0:0010ee|STRG.4583.1|+|43|4.744e-07|1|956|2074|956[956]:2074[2074]:1119[1119]
21861	590+837	0	2651	1	37475at50557_39758_0:000c43|STRG.4583.1|+|46|5.93e-08|1|590|1426|590[590]:1426[1426]:837[837]
21951	795+471	0	1338	1	22348at50557_168631_0:001c73|STRG.6242.2|+|50|3.706e-09|1|795|1265|795[795]:1265[1265]:471[471]
21982	1+666	0	2052	1	45935at50557_67767_0:003589|STRG.6783.1|+|84|2.157e-19|1|1|666|1[1]:666[666]:666[666]
21994	446+1065	0	693	1	94143at50557_319348_0:0040ff|STRG.6973.2|+|94|2.107e-22|1|446|1510|446[446]:1510[1510]:1065[1065]
22011	1588+171	0	150	1	60720at50557_7004_0:004a43|STRG.7268.1|+|37|3.036e-05|1|1588|1758|1588[1588]:1758[1758]:171[171]
22012	2190+192	0	150	1	60720at50557_7004_0:004a43|STRG.7289.1|+|36|6.072e-05|1|2190|2381|2190[2190]:2381[2381]:192[192]
22031	4017+405	0	1308	1	10394at50557_121845_0:000983|STRG.7625.7|+|52|9.265e-10|1|4017|4421|4017[4017]:4421[4421]:405[405]
22037	2132+822	0	222	1	45935at50557_108931_0:001010|STRG.7724.2|+|167|2.23e-44|1|2132|2953|2132[2132]:2953[2953]:822[822]
22112	71+844	0	2052	1	45935at50557_67767_0:003589|STRG.9033.1|+|169|5.576e-45|2|71|914|71[71]:688[688]:618[618]|831[846]:914[914]:84[69]
22195	1829+474	0	2421	1	68599at50557_610380_0:002445|STRG.10549.1|+|79|6.903e-18|1|1829|2302|1829[1829]:2302[2302]:474[474]
22199	678+369	0	2653	1	37475at50557_74869_0:0027f7|STRG.10627.2|+|34|0.0002429|1|678|1046|678[678]:1046[1046]:369[369]
22201	1551+543	0	1172	1	37475at50557_30019_0:0005ac|STRG.10661.3|+|57|2.895e-11|1|1551|2093|1551[1551]:2093[2093]:543[543]
22234	237+261	0	1839	1	12555at50557_121845_0:00419d|STRG.11245.2|+|58|1.448e-11|1|237|497|237[237]:497[497]:261[261]
22260	636+1014	0	2434	1	94143at50557_7176_0:001673|STRG.11702.2|+|40|3.795e-06|1|636|1649|636[636]:1649[1649]:1014[1014]
22264	388+816	0	2052	1	45935at50557_67767_0:003589|STRG.11768.1|+|137|2.395e-35|1|388|1203|388[388]:1203[1203]:816[816]
22338	256+348	0	2478	1	37475at50557_7029_0:0049bc|STRG.13119.4|+|40|3.795e-06|1|256|603|256[256]:603[603]:348[348]
22349	118+348	0	460	1	129938at50557_74869_0:0021e9|STRG.13313.1|+|125|9.81e-32|1|118|465|118[118]:465[465]:348[348]
22470	932+1281	0	693	1	94143at50557_319348_0:0040ff|STRG.15437.4|+|99|6.583e-24|1|932|2212|932[932]:2212[2212]:1281[1281]
22471	360+1224	0	2328	1	62106at50557_133901_0:003199|STRG.15456.1|+|133|3.832e-34|1|360|1583|360[360]:1583[1583]:1224[1224]
22475	1763+1227	0	622	1	12555at50557_166423_0:002c53|STRG.15511.16|+|153|3.654e-40|1|1763|2989|1763[1763]:2989[2989]:1227[1227]
22475	962+1170	0	1578	1	12555at50557_121225_0:000df9|STRG.15511.16|+|142|7.484e-37|1|962|2131|962[962]:2131[2131]:1170[1170]
22511	71+414	0	606	1	94143at50557_319348_0:0009e2|STRG.16103.1|+|61|1.81e-12|1|71|484|71[71]:484[484]:414[414]
22577	207+399	0	1756	1	12555at50557_7536_0:00436b|STRG.560.1|+|49|7.412e-09|1|207|605|207[207]:605[605]:399[399]
22645	1370+714	0	388	1	37475at50557_1218281_0:002bc6|STRG.1816.8|+|43|4.744e-07|1|1370|2083|1370[1370]:2083[2083]:714[714]
22658	1532+192	0	150	1	60720at50557_7004_0:004a43|STRG.2034.1|+|35|0.0001214|1|1532|1723|1532[1532]:1723[1723]:192[192]
22671	2004+165	0	150	1	60720at50557_7004_0:004a43|STRG.2271.2|+|41|1.897e-06|1|2004|2168|2004[2004]:2168[2168]:165[165]
22709	444+747	0	2052	1	45935at50557_67767_0:003589|STRG.2988.1|+|109|6.429e-27|1|444|1190|444[444]:1190[1190]:747[747]
22739	574+576	0	1344	1	35897at50557_7536_0:000f2f|STRG.3561.1|+|54|2.316e-10|1|574|1149|574[574]:1149[1149]:576[576]
22780	577+648	0	1578	1	12555at50557_121225_0:000df9|STRG.4264.3|+|68|1.414e-14|1|577|1224|577[577]:1224[1224]:648[648]
22787	895+249	0	150	1	60720at50557_7004_0:004a43|STRG.4376.1|+|32|0.0009715|1|895|1143|895[895]:1143[1143]:249[249]
22800	1419+354	0	2478	1	37475at50557_7029_0:0049bc|STRG.4583.2|+|36|6.072e-05|1|1419|1772|1419[1419]:1772[1772]:354[354]
22800	456+837	0	2651	1	37475at50557_39758_0:000c43|STRG.4583.2|+|46|5.93e-08|1|456|1292|456[456]:1292[1292]:837[837]
22921	99+690	0	2052	1	45935at50557_67767_0:003589|STRG.6784.1|+|90|3.371e-21|1|99|788|99[99]:788[788]:690[690]
22951	2193+192	0	150	1	60720at50557_7004_0:004a43|STRG.7289.2|+|36|6.072e-05|1|2193|2384|2193[2193]:2384[2384]:192[192]
22970	4312+405	0	1308	1	10394at50557_121845_0:000983|STRG.7625.6|+|52|9.265e-10|1|4312|4716|4312[4312]:4716[4716]:405[405]
23050	176+1440	0	1651	1	94143at50557_7038_0:001312|STRG.9015.1|+|123|3.924e-31|1|176|1615|176[176]:1615[1615]:1440[1440]
23051	309+687	0	2052	1	45935at50557_67767_0:003589|STRG.9033.2|+|166|4.461e-44|1|309|995|309[309]:995[995]:687[687]
23086	1914+1296	0	1578	1	12555at50557_121225_0:000df9|STRG.9662.1|+|98|1.317e-23|1|1914|3209|1914[1914]:3209[3209]:1296[1296]
23140	1433+543	0	1172	1	37475at50557_30019_0:0005ac|STRG.10661.4|+|57|2.895e-11|1|1433|1975|1433[1433]:1975[1975]:543[543]
23188	267+924	0	1428	1	35897at50557_1507135_0:001cf3|STRG.11506.1|+|38|1.518e-05|1|267|1190|267[267]:1190[1190]:924[924]
23199	636+1311	0	1651	1	94143at50557_7038_0:001312|STRG.11702.1|+|87|2.696e-20|1|636|1946|636[636]:1946[1946]:1311[1311]
23203	351+816	0	2052	1	45935at50557_67767_0:003589|STRG.11768.2|+|137|2.395e-35|1|351|1166|351[351]:1166[1166]:816[816]
23288	92+348	0	460	1	129938at50557_74869_0:0021e9|STRG.13313.2|+|125|9.81e-32|1|92|439|92[92]:439[439]:348[348]
23329	978+669	0	1578	1	12555at50557_121225_0:000df9|STRG.14026.1|+|62|9.048e-13|1|978|1646|978[978]:1646[1646]:669[669]
23410	323+1224	0	2328	1	62106at50557_133901_0:003199|STRG.15456.2|+|133|3.832e-34|1|323|1546|323[323]:1546[1546]:1224[1224]
23414	1763+1227	0	622	1	12555at50557_166423_0:002c53|STRG.15511.17|+|153|3.654e-40|1|1763|2989|1763[1763]:2989[2989]:1227[1227]
23414	962+1170	0	1578	1	12555at50557_121225_0:000df9|STRG.15511.17|+|142|7.484e-37|1|962|2131|962[962]:2131[2131]:1170[1170]
23415	68+480	0	1250	1	1593at50557_74869_0:002de1|STRG.15532.1|+|61|1.81e-12|1|68|547|68[68]:547[547]:480[480]
23516	313+399	0	1756	1	12555at50557_7536_0:00436b|STRG.560.2|+|49|7.412e-09|1|313|711|313[313]:711[711]:399[399]
23539	409+1317	0	1217	1	94143at50557_7536_0:002739|STRG.998.1|+|89|6.741e-21|1|409|1725|409[409]:1725[1725]:1317[1317]
23570	623+393	0	911	1	37475at50557_29031_0:002211|STRG.1579.4|+|32|0.0009715|1|623|1015|623[623]:1015[1015]:393[393]
23584	1451+714	0	388	1	37475at50557_1218281_0:002bc6|STRG.1816.9|+|43|4.744e-07|1|1451|2164|1451[1451]:2164[2164]:714[714]
23586	338+687	0	2052	1	45935at50557_67767_0:003589|STRG.1851.1|+|122|7.848e-31|1|338|1024|338[338]:1024[1024]:687[687]
23597	1532+192	0	150	1	60720at50557_7004_0:004a43|STRG.2034.2|+|35|0.0001214|1|1532|1723|1532[1532]:1723[1723]:192[192]
23610	1899+165	0	150	1	60720at50557_7004_0:004a43|STRG.2271.3|+|41|1.897e-06|1|1899|2063|1899[1899]:2063[2063]:165[165]
23648	366+399	0	2571	1	45935at50557_104452_0:001a48|STRG.2988.2|+|53|4.633e-10|1|366|764|366[366]:764[764]:399[399]
23678	587+576	0	1344	1	35897at50557_7536_0:000f2f|STRG.3561.2|+|54|2.316e-10|1|587|1162|587[587]:1162[1162]:576[576]
23719	529+648	0	1578	1	12555at50557_121225_0:000df9|STRG.4264.4|+|68|1.414e-14|1|529|1176|529[529]:1176[1176]:648[648]
23726	884+249	0	150	1	60720at50557_7004_0:004a43|STRG.4376.2|+|32|0.0009715|1|884|1132|884[884]:1132[1132]:249[249]
23740	5678+420	0	2421	1	68599at50557_610380_0:002445|STRG.4607.1|+|53|4.633e-10|1|5678|6097|5678[5678]:6097[6097]:420[420]
23755	197+5940	0	27	1	1593at50557_28612_0:003870|STRG.4913.1|+|335|5.962e-95|1|197|6136|197[197]:6136[6136]:5940[5940]
23860	163+624	0	2052	1	45935at50557_67767_0:003589|STRG.6785.1|+|86|5.393e-20|1|163|786|163[163]:786[786]:624[624]
23902	1326+1017	0	128	1	37475at50557_7091_0:0026d0|STRG.7514.1|+|46|5.93e-08|1|1326|2342|1326[1326]:2342[2342]:1017[1017]
23990	232+756	0	2400	1	45935at50557_6973_0:001b70|STRG.9034.1|+|143|3.742e-37|1|232|987|232[232]:987[987]:756[756]
24045	2250+720	0	222	1	45935at50557_108931_0:001010|STRG.10024.1|+|167|2.23e-44|1|2250|2969|2250[2250]:2969[2969]:720[720]
24066	1503+675	0	39	1	37475at50557_411798_0:00107d|STRG.10436.1|+|41|1.897e-06|1|1503|2177|1503[1503]:2177[2177]:675[675]
24127	459+924	0	1428	1	35897at50557_1507135_0:001cf3|STRG.11506.2|+|38|1.518e-05|1|459|1382|459[459]:1382[1382]:924[924]
24138	4+291	0	168	1	94143at50557_143948_0:002d19|STRG.11703.1|+|46|5.93e-08|1|4|294|4[4]:294[294]:291[291]
24149	1568+453	0	2014	1	12555at50557_28612_0:005596|STRG.11880.1|+|64|2.262e-13|1|1568|2020|1568[1568]:2020[2020]:453[453]
24174	193+747	0	222	1	45935at50557_108931_0:001010|STRG.12311.1|+|109|6.429e-27|1|193|939|193[193]:939[939]:747[747]
24181	4+600	0	1250	1	1593at50557_74869_0:002de1|STRG.12432.1|+|78|1.381e-17|1|4|603|4[4]:603[603]:600[600]
24268	978+669	0	1578	1	12555at50557_121225_0:000df9|STRG.14026.2|+|62|9.048e-13|1|978|1646|978[978]:1646[1646]:669[669]
24353	1763+1227	0	622	1	12555at50557_166423_0:002c53|STRG.15511.18|+|153|3.654e-40|1|1763|2989|1763[1763]:2989[2989]:1227[1227]
24353	962+1170	0	1578	1	12555at50557_121225_0:000df9|STRG.15511.18|+|142|7.484e-37|1|962|2131|962[962]:2131[2131]:1170[1170]
24418	906+795	0	335	1	68599at50557_79782_0:00230b|STRG.16632.3|+|84|2.157e-19|1|906|1700|906[906]:1700[1700]:795[795]
24455	156+414	0	1756	1	12555at50557_7536_0:00436b|STRG.560.3|+|48|1.482e-08|1|156|569|156[156]:569[569]:414[414]
24489	330+369	0	911	1	37475at50557_29031_0:002211|STRG.1211.1|+|36|6.072e-05|1|330|698|330[330]:698[698]:369[369]
24523	912+714	0	388	1	37475at50557_1218281_0:002bc6|STRG.1816.13|+|43|4.744e-07|1|912|1625|912[912]:1625[1625]:714[714]
24549	1662+165	0	150	1	60720at50557_7004_0:004a43|STRG.2271.4|+|41|1.897e-06|1|1662|1826|1662[1662]:1826[1826]:165[165]
24567	41+324	0	2571	1	45935at50557_104452_0:001a48|STRG.2615.1|+|73|4.418e-16|1|41|364|41[41]:364[364]:324[324]
24587	530+747	0	2052	1	45935at50557_67767_0:003589|STRG.2988.3|+|109|6.429e-27|1|530|1276|530[530]:1276[1276]:747[747]
24617	576+576	0	1344	1	35897at50557_7536_0:000f2f|STRG.3561.4|+|54|2.316e-10|1|576|1151|576[576]:1151[1151]:576[576]
24631	765+363	0	1058	1	12555at50557_378494_0:000ae9|STRG.3788.1|+|49|7.412e-09|1|765|1127|765[765]:1127[1127]:363[363]
24658	529+648	0	1578	1	12555at50557_121225_0:000df9|STRG.4264.5|+|68|1.414e-14|1|529|1176|529[529]:1176[1176]:648[648]
24659	494+546	0	39	1	37475at50557_411798_0:00107d|STRG.4282.1|+|34|0.0002429|1|494|1039|494[494]:1039[1039]:546[546]
24665	1036+249	0	150	1	60720at50557_7004_0:004a43|STRG.4376.3|+|32|0.0009715|1|1036|1284|1036[1036]:1284[1284]:249[249]
24694	197+5934	0	27	1	1593at50557_28612_0:003870|STRG.4913.2|+|344|1.164e-97|1|197|6130|197[197]:6130[6130]:5934[5934]
24918	1481+1170	0	2276	1	12555at50557_51655_0:003c27|STRG.8855.1|+|102|8.229e-25|1|1481|2650|1481[1481]:2650[2650]:1170[1170]
24928	186+1254	0	1389	1	94143at50557_40932_0:002d0f|STRG.9017.1|+|122|7.848e-31|1|186|1439|186[186]:1439[1439]:1254[1254]
24984	2890+720	0	222	1	45935at50557_108931_0:001010|STRG.10024.2|+|167|2.23e-44|1|2890|3609|2890[2890]:3609[3609]:720[720]
25005	1500+675	0	39	1	37475at50557_411798_0:00107d|STRG.10436.2|+|41|1.897e-06|1|1500|2174|1500[1500]:2174[2174]:675[675]
25059	1896+213	0	1822	1	94143at50557_1218281_0:001751|STRG.11382.1|+|48|1.482e-08|1|1896|2108|1896[1896]:2108[2108]:213[213]
25066	459+924	0	1428	1	35897at50557_1507135_0:001cf3|STRG.11506.3|+|38|1.518e-05|1|459|1382|459[459]:1382[1382]:924[924]
25081	253+696	0	2052	1	45935at50557_67767_0:003589|STRG.11770.1|+|129|6.131e-33|1|253|948|253[253]:948[948]:696[696]
25113	522+795	0	1789	1	45935at50557_136037_0:001135|STRG.12312.1|+|109|6.429e-27|1|522|1316|522[522]:1316[1316]:795[795]
25120	5+1209	0	1943	1	1593at50557_197043_0:0030ed|STRG.12433.1|+|100|3.292e-24|1|5|1213|5[5]:1213[1213]:1209[1209]
25129	2+1200	0	2040	1	37475at50557_103372_0:00039a|STRG.12616.1|+|787|5.126e-231|1|2|1201|2[2]:1201[1201]:1200[1200]
25207	978+669	0	1578	1	12555at50557_121225_0:000df9|STRG.14026.3|+|62|9.048e-13|1|978|1646|978[978]:1646[1646]:669[669]
25251	750+381	0	2250	1	73720at50557_29031_0:000293|STRG.14818.1|+|93|4.213e-22|1|750|1130|750[750]:1130[1130]:381[381]
25394	573+399	0	1756	1	12555at50557_7536_0:00436b|STRG.560.4|+|49|7.412e-09|1|573|971|573[573]:971[971]:399[399]
25428	255+588	0	2478	1	37475at50557_7029_0:0049bc|STRG.1211.2|+|35|0.0001214|1|255|842|255[255]:842[842]:588[588]
25462	1559+714	0	388	1	37475at50557_1218281_0:002bc6|STRG.1816.17|+|43|4.744e-07|1|1559|2272|1559[1559]:2272[2272]:714[714]
25488	532+165	0	150	1	60720at50557_7004_0:004a43|STRG.2271.5|+|41|1.897e-06|1|532|696|532[532]:696[696]:165[165]
25555	64+837	0	2214	1	37475at50557_104421_0:00187d|STRG.3544.1|+|42|9.487e-07|1|64|900|64[64]:900[900]:837[837]
25556	585+576	0	1344	1	35897at50557_7536_0:000f2f|STRG.3561.3|+|54|2.316e-10|1|585|1160|585[585]:1160[1160]:576[576]
25563	630+948	0	2539	1	12555at50557_93721_0:0043db|STRG.3671.1|+|73|4.418e-16|1|630|1577|630[630]:1577[1577]:948[948]
25597	388+648	0	1578	1	12555at50557_121225_0:000df9|STRG.4264.6|+|68|1.414e-14|1|388|1035|388[388]:1035[1035]:648[648]
25633	43+3183	0	1249	1	1593at50557_69319_0:000f27|STRG.4913.3|+|207|2.029e-56|1|43|3225|43[43]:3225[3225]:3183[3183]
25640	847+327	0	653	1	37475at50557_83485_0:000559|STRG.5042.1|+|41|1.897e-06|1|847|1173|847[847]:1173[1173]:327[327]
25738	163+624	0	2052	1	45935at50557_67767_0:003589|STRG.6785.2|+|86|5.393e-20|1|163|786|163[163]:786[786]:624[624]
25739	661+1590	0	299	1	35897at50557_568069_0:0003b4|STRG.6800.3|+|70|3.534e-15|1|661|2250|661[661]:2250[2250]:1590[1590]
25779	77+645	0	2146	1	57786at50557_1507135_0:0013ec|STRG.7492.1|+|174|1.743e-46|1|77|721|77[77]:721[721]:645[645]
25805	935+837	0	2214	1	37475at50557_104421_0:00187d|STRG.7947.1|+|68|1.414e-14|1|935|1771|935[935]:1771[1771]:837[837]
25867	38+1293	0	1564	1	94143at50557_7029_0:006933|STRG.9017.2|+|104|2.057e-25|1|38|1330|38[38]:1330[1330]:1293[1293]
25944	1507+675	0	39	1	37475at50557_411798_0:00107d|STRG.10436.3|+|41|1.897e-06|1|1507|2181|1507[1507]:2181[2181]:675[675]
25951	1829+474	0	2421	1	68599at50557_610380_0:002445|STRG.10549.5|+|79|6.903e-18|1|1829|2302|1829[1829]:2302[2302]:474[474]
25998	864+213	0	1822	1	94143at50557_1218281_0:001751|STRG.11382.2|+|48|1.482e-08|1|864|1076|864[864]:1076[1076]:213[213]
26052	537+768	0	222	1	45935at50557_108931_0:001010|STRG.12313.1|+|107|2.572e-26|1|537|1304|537[537]:1304[1304]:768[768]
26068	707+786	0	1606	1	37475at50557_144034_0:000f95|STRG.12616.2|+|474|8.554e-137|1|707|1492|707[707]:1492[1492]:786[786]
26080	106+1416	0	865	1	94143at50557_104688_0:001dbc|STRG.12857.1|+|76|5.522e-17|1|106|1521|106[106]:1521[1521]:1416[1416]
26108	856+324	0	2055	1	52049at50557_246812_0:000eec|STRG.13372.1|+|55|1.158e-10|1|856|1179|856[856]:1179[1179]:324[324]
26146	978+669	0	1578	1	12555at50557_121225_0:000df9|STRG.14026.4|+|62|9.048e-13|1|978|1646|978[978]:1646[1646]:669[669]
26401	1333+714	0	388	1	37475at50557_1218281_0:002bc6|STRG.1816.14|+|43|4.744e-07|1|1333|2046|1333[1333]:2046[2046]:714[714]
26440	1506+753	0	1578	1	12555at50557_121225_0:000df9|STRG.2537.1|+|96|5.267e-23|1|1506|2258|1506[1506]:2258[2258]:753[753]
26502	571+948	0	2539	1	12555at50557_93721_0:0043db|STRG.3671.2|+|73|4.418e-16|1|571|1518|571[571]:1518[1518]:948[948]
26536	388+648	0	1578	1	12555at50557_121225_0:000df9|STRG.4264.7|+|68|1.414e-14|1|388|1035|388[388]:1035[1035]:648[648]
26543	2018+147	0	150	1	60720at50557_7004_0:004a43|STRG.4378.1|+|32|0.0009715|1|2018|2164|2018[2018]:2164[2164]:147[147]
26577	716+822	0	1909	1	94143at50557_121845_0:0041d2|STRG.5007.1|+|76|5.522e-17|1|716|1537|716[716]:1537[1537]:822[822]
26678	768+1590	0	299	1	35897at50557_568069_0:0003b4|STRG.6800.1|+|70|3.534e-15|1|768|2357|768[768]:2357[2357]:1590[1590]
26700	125+720	0	1250	1	1593at50557_74869_0:002de1|STRG.7161.1|+|71|1.767e-15|1|125|844|125[125]:844[844]:720[720]
26768	387+1161	0	1651	1	94143at50557_7038_0:001312|STRG.8332.1|+|80|3.452e-18|1|387|1547|387[387]:1547[1547]:1161[1161]
26775	145+1071	0	1390	1	94143at50557_7029_0:002728|STRG.8454.1|+|124|1.962e-31|1|145|1215|145[145]:1215[1215]:1071[1071]
26806	9+1398	0	1389	1	94143at50557_40932_0:002d0f|STRG.9017.3|+|127|2.452e-32|1|9|1406|9[9]:1406[1406]:1398[1398]
26919	2313+1332	0	622	1	12555at50557_166423_0:002c53|STRG.11076.8|+|141|1.497e-36|1|2313|3644|2313[2313]:3644[3644]:1332[1332]
26919	2934+714	0	1407	1	12555at50557_7004_0:002cc8|STRG.11076.8|+|82|8.629e-19|1|2934|3647|2934[2934]:3647[3647]:714[714]
26919	1103+1002	0	2448	1	12555at50557_133901_0:0043f8|STRG.11076.8|+|106|5.143e-26|1|1103|2104|1103[1103]:2104[2104]:1002[1002]
27015	106+678	0	2052	1	45935at50557_67767_0:003589|STRG.12769.1|+|125|9.81e-32|1|106|783|106[106]:783[783]:678[678]
27085	978+669	0	1578	1	12555at50557_121225_0:000df9|STRG.14026.5|+|62|9.048e-13|1|978|1646|978[978]:1646[1646]:669[669]
27187	631+675	0	2651	1	37475at50557_39758_0:000c43|STRG.15772.1|+|52|9.265e-10|1|631|1305|631[631]:1305[1305]:675[675]
27189	150+1626	0	2291	1	1593at50557_219809_0:002612|STRG.15821.1|+|184|1.702e-49|1|150|1775|150[150]:1775[1775]:1626[1626]
27224	1038+714	0	1867	1	37475at50557_1629725_0:0002a1|STRG.16420.1|+|61|1.81e-12|1|1038|1751|1038[1038]:1751[1751]:714[714]
27287	377+675	0	39	1	37475at50557_411798_0:00107d|STRG.851.1|+|68|1.414e-14|1|377|1051|377[377]:1051[1051]:675[675]
27288	1559+414	0	911	1	37475at50557_29031_0:002211|STRG.871.1|+|36|6.072e-05|1|1559|1972|1559[1559]:1972[1972]:414[414]
27338	370+1020	0	2276	1	12555at50557_51655_0:003c27|STRG.1785.1|+|144|1.871e-37|1|370|1389|370[370]:1389[1389]:1020[1020]
27340	1373+714	0	388	1	37475at50557_1218281_0:002bc6|STRG.1816.15|+|43|4.744e-07|1|1373|2086|1373[1373]:2086[2086]:714[714]
27379	134+402	0	1058	1	12555at50557_378494_0:000ae9|STRG.2537.4|+|50|3.706e-09|1|134|535|134[134]:535[535]:402[402]
27413	1361+669	0	1578	1	12555at50557_121225_0:000df9|STRG.3155.1|+|59|7.238e-12|1|1361|2029|1361[1361]:2029[2029]:669[669]
27422	1171+1452	0	1512	1	22348at50557_197043_0:001d27|STRG.3319.1|+|143|3.742e-37|1|1171|2622|1171[1171]:2622[2622]:1452[1452]
27426	1529+246	0	2063	1	60720at50557_1218281_0:000819|STRG.3396.1|+|36|6.072e-05|1|1529|1774|1529[1529]:1774[1774]:246[246]
27440	1334+567	0	2448	1	12555at50557_133901_0:0043f8|STRG.3650.1|+|62|9.048e-13|1|1334|1900|1334[1334]:1900[1900]:567[567]
27475	432+648	0	1578	1	12555at50557_121225_0:000df9|STRG.4264.8|+|68|1.414e-14|1|432|1079|432[432]:1079[1079]:648[648]
27480	286+690	0	2052	1	45935at50557_67767_0:003589|STRG.4351.2|+|84|2.157e-19|1|286|975|286[286]:975[975]:690[690]
27482	935+147	0	150	1	60720at50557_7004_0:004a43|STRG.4378.5|+|32|0.0009715|1|935|1081|935[935]:1081[1081]:147[147]
27617	768+1590	0	299	1	35897at50557_568069_0:0003b4|STRG.6800.2|+|70|3.534e-15|1|768|2357|768[768]:2357[2357]:1590[1590]
27652	362+1170	0	123	1	35897at50557_54969_0:00139b|STRG.7412.2|+|44|2.372e-07|1|362|1531|362[362]:1531[1531]:1170[1170]
27714	312+1383	0	1389	1	94143at50557_40932_0:002d0f|STRG.8454.2|+|137|2.395e-35|1|312|1694|312[312]:1694[1694]:1383[1383]
27745	9+1395	0	1389	1	94143at50557_40932_0:002d0f|STRG.9017.4|+|126|4.905e-32|1|9|1403|9[9]:1403[1403]:1395[1395]
27841	220+3711	0	2466	1	1593at50557_45779_0:001e66|STRG.10793.1|+|283|2.685e-79|1|220|3930|220[220]:3930[3930]:3711[3711]
27858	2171+1332	0	622	1	12555at50557_166423_0:002c53|STRG.11076.5|+|141|1.497e-36|1|2171|3502|2171[2171]:3502[3502]:1332[1332]
27858	2792+714	0	1407	1	12555at50557_7004_0:002cc8|STRG.11076.5|+|82|8.629e-19|1|2792|3505|2792[2792]:3505[3505]:714[714]
27858	961+1002	0	2448	1	12555at50557_133901_0:0043f8|STRG.11076.5|+|106|5.143e-26|1|961|1962|961[961]:1962[1962]:1002[1002]
27892	690+357	0	2478	1	37475at50557_7029_0:0049bc|STRG.11664.1|+|36|6.072e-05|1|690|1046|690[690]:1046[1046]:357[357]
27917	1712+912	0	2448	1	12555at50557_133901_0:0043f8|STRG.12089.8|+|53|4.633e-10|1|1712|2623|1712[1712]:2623[2623]:912[912]
27930	650+765	0	222	1	45935at50557_108931_0:001010|STRG.12315.1|+|129|6.131e-33|1|650|1414|650[650]:1414[1414]:765[765]
27954	106+1237	0	2052	1	45935at50557_67767_0:003589|STRG.12769.2|+|129|6.131e-33|2|106|1342|106[106]:477[477]:372[372]|1046[1046]:1342[1342]:297[297]
28024	978+669	0	1578	1	12555at50557_121225_0:000df9|STRG.14026.6|+|62|9.048e-13|1|978|1646|978[978]:1646[1646]:669[669]
28026	1315+1026	0	1578	1	12555at50557_121225_0:000df9|STRG.14056.2|+|121|1.57e-30|1|1315|2340|1315[1315]:2340[2340]:1026[1026]
28068	750+381	0	2250	1	73720at50557_29031_0:000293|STRG.14818.2|+|93|4.213e-22|1|750|1130|750[750]:1130[1130]:381[381]
28083	377+636	0	2449	1	12555at50557_29031_0:000522|STRG.15121.1|+|68|1.414e-14|1|377|1012|377[377]:1012[1012]:636[636]
28088	656+1029	0	693	1	94143at50557_319348_0:0040ff|STRG.15197.1|+|88|1.348e-20|1|656|1684|656[656]:1684[1684]:1029[1029]
28128	200+4800	0	27	1	1593at50557_28612_0:003870|STRG.15822.1|+|470|1.369e-135|1|200|4999|200[200]:4999[4999]:4800[4800]
28163	1167+714	0	1867	1	37475at50557_1629725_0:0002a1|STRG.16420.2|+|61|1.81e-12|1|1167|1880|1167[1167]:1880[1880]:714[714]
28226	622+675	0	39	1	37475at50557_411798_0:00107d|STRG.851.2|+|68|1.414e-14|1|622|1296|622[622]:1296[1296]:675[675]
28227	3047+435	0	1172	1	37475at50557_30019_0:0005ac|STRG.872.1|+|33|0.0004858|1|3047|3481|3047[3047]:3481[3481]:435[435]
28277	370+1020	0	2276	1	12555at50557_51655_0:003c27|STRG.1785.2|+|144|1.871e-37|1|370|1389|370[370]:1389[1389]:1020[1020]
28279	1282+714	0	388	1	37475at50557_1218281_0:002bc6|STRG.1816.16|+|43|4.744e-07|1|1282|1995|1282[1282]:1995[1995]:714[714]
28318	1809+402	0	1058	1	12555at50557_378494_0:000ae9|STRG.2537.2|+|50|3.706e-09|1|1809|2210|1809[1809]:2210[2210]:402[402]
28352	1394+717	0	2539	1	12555at50557_93721_0:0043db|STRG.3155.3|+|55|1.158e-10|1|1394|2110|1394[1394]:2110[2110]:717[717]
28361	242+1576	0	2035	1	22348at50557_680683_0:002a76|STRG.3319.2|+|139|5.987e-36|2|242|1817|242[242]:1219[1219]:978[978]|1278[1278]:1817[1817]:540[540]
28365	1526+246	0	2063	1	60720at50557_1218281_0:000819|STRG.3396.2|+|36|6.072e-05|1|1526|1771|1526[1526]:1771[1771]:246[246]
28421	947+147	0	150	1	60720at50557_7004_0:004a43|STRG.4378.2|+|32|0.0009715|1|947|1093|947[947]:1093[1093]:147[147]
28527	571+294	0	217	1	37475at50557_7536_0:004769|STRG.6295.1|+|32|0.0009715|1|571|864|571[571]:864[864]:294[294]
28530	603+756	0	2052	1	45935at50557_67767_0:003589|STRG.6363.1|+|104|2.057e-25|1|603|1358|603[603]:1358[1358]:756[756]
28553	3016+336	0	1058	1	12555at50557_378494_0:000ae9|STRG.6756.2|+|49|7.412e-09|1|3016|3351|3016[3016]:3351[3351]:336[336]
28556	772+1590	0	299	1	35897at50557_568069_0:0003b4|STRG.6800.4|+|70|3.534e-15|1|772|2361|772[772]:2361[2361]:1590[1590]
28607	130+768	0	2651	1	37475at50557_39758_0:000c43|STRG.7679.1|+|37|3.036e-05|1|130|897|130[130]:897[897]:768[768]
28685	6+531	0	2397	1	45935at50557_1041015_0:0000df|STRG.9039.1|+|128|1.226e-32|1|6|536|6[6]:536[536]:531[531]
28712	428+489	0	911	1	37475at50557_29031_0:002211|STRG.9531.1|+|51|1.853e-09|1|428|916|428[428]:916[916]:489[489]
28780	114+3252	0	1858	1	1593at50557_7130_0:002a5e|STRG.10793.2|+|239|4.723e-66|1|114|3365|114[114]:3365[3365]:3252[3252]
28869	665+765	0	222	1	45935at50557_108931_0:001010|STRG.12315.2|+|129|6.131e-33|1|665|1429|665[665]:1429[1429]:765[765]
28963	978+669	0	1578	1	12555at50557_121225_0:000df9|STRG.14026.7|+|62|9.048e-13|1|978|1646|978[978]:1646[1646]:669[669]
28965	976+1026	0	1578	1	12555at50557_121225_0:000df9|STRG.14056.3|+|121|1.57e-30|1|976|2001|976[976]:2001[2001]:1026[1026]
29067	200+4776	0	27	1	1593at50557_28612_0:003870|STRG.15822.2|+|479|2.673e-138|1|200|4975|200[200]:4975[4975]:4776[4776]
29071	461+150	0	150	1	60720at50557_7004_0:004a43|STRG.15895.1|+|38|1.518e-05|1|461|610|461[461]:610[610]:150[150]
29095	1542+552	0	2246	1	68599at50557_286706_0:002e12|STRG.16308.5|+|59|7.238e-12|1|1542|2093|1542[1542]:2093[2093]:552[552]
29158	1378+267	0	1839	1	12555at50557_121845_0:00419d|STRG.738.1|+|50|3.706e-09|1|1378|1644|1378[1378]:1644[1644]:267[267]
29166	3053+435	0	1172	1	37475at50557_30019_0:0005ac|STRG.872.2|+|33|0.0004858|1|3053|3487|3053[3053]:3487[3487]:435[435]
29173	253+1212	0	1389	1	94143at50557_40932_0:002d0f|STRG.1003.1|+|104|2.057e-25|1|253|1464|253[253]:1464[1464]:1212[1212]
29257	627+402	0	1058	1	12555at50557_378494_0:000ae9|STRG.2537.3|+|50|3.706e-09|1|627|1028|627[627]:1028[1028]:402[402]
29291	1662+669	0	1578	1	12555at50557_121225_0:000df9|STRG.3155.2|+|58|1.448e-11|1|1662|2330|1662[1662]:2330[2330]:669[669]
29358	149+699	0	2052	1	45935at50557_67767_0:003589|STRG.4351.3|+|85|1.079e-19|1|149|847|149[149]:847[847]:699[699]
29360	1230+147	0	150	1	60720at50557_7004_0:004a43|STRG.4378.4|+|32|0.0009715|1|1230|1376|1230[1230]:1376[1376]:147[147]
29413	350+648	0	2014	1	12555at50557_28612_0:005596|STRG.5342.1|+|89|6.741e-21|1|350|997|350[350]:997[997]:648[648]
29469	594+756	0	2052	1	45935at50557_67767_0:003589|STRG.6363.2|+|104|2.057e-25|1|594|1349|594[594]:1349[1349]:756[756]
29492	2794+336	0	1058	1	12555at50557_378494_0:000ae9|STRG.6756.1|+|49|7.412e-09|1|2794|3129|2794[2794]:3129[3129]:336[336]
29495	158+390	0	1551	1	68599at50557_45779_0:00011e|STRG.6801.1|+|48|1.482e-08|1|158|547|158[158]:547[547]:390[390]
29579	216+528	0	790	1	10394at50557_7536_0:0020dc|STRG.8251.3|+|59|7.238e-12|1|216|743|216[216]:743[743]:528[528]
29624	326+753	0	2052	1	45935at50557_67767_0:003589|STRG.9040.1|+|155|9.136e-41|1|326|1078|326[326]:1078[1078]:753[753]
29645	830+735	0	2731	1	22348at50557_7130_0:000f23|STRG.9418.1|+|45|1.186e-07|1|830|1564|830[830]:1564[1564]:735[735]
29651	423+489	0	911	1	37475at50557_29031_0:002211|STRG.9531.2|+|51|1.853e-09|1|423|911|423[423]:911[911]:489[489]
29725	11+204	0	1822	1	94143at50557_1218281_0:001751|STRG.10889.1|+|54|2.316e-10|1|11|214|11[11]:214[214]:204[204]
29769	1316+1080	0	2345	1	94143at50557_286706_0:002f5f|STRG.11649.1|+|123|3.924e-31|1|1316|2395|1316[1316]:2395[2395]:1080[1080]
29796	2511+612	0	790	1	10394at50557_7536_0:0020dc|STRG.12099.10|+|108|1.286e-26|1|2511|3122|2511[2511]:3122[3122]:612[612]
29832	190+588	0	2052	1	45935at50557_67767_0:003589|STRG.12770.2|+|101|1.646e-24|1|190|777|190[190]:777[777]:588[588]
29902	958+669	0	1578	1	12555at50557_121225_0:000df9|STRG.14026.8|+|62|9.048e-13|1|958|1626|958[958]:1626[1626]:669[669]
29904	1813+1026	0	1578	1	12555at50557_121225_0:000df9|STRG.14056.4|+|121|1.57e-30|1|1813|2838|1813[1813]:2838[2838]:1026[1026]
30010	458+150	0	150	1	60720at50557_7004_0:004a43|STRG.15895.2|+|38|1.518e-05|1|458|607|458[458]:607[607]:150[150]
30023	474+1038	0	2520	1	94143at50557_54969_0:002985|STRG.16110.1|+|100|3.292e-24|1|474|1511|474[474]:1511[1511]:1038[1038]
30030	29+477	0	665	1	52049at50557_609295_0:002a75|STRG.16245.1|+|252|5.766e-70|1|29|505|29[29]:505[505]:477[477]
