35	1743+624	0	1108	1	93865at50557_121845_0:0010f1|STRG.832.2|+|38|1.326e-05|1|1743|2366|1743[1743]:2366[2366]:624[624]
135	486+627	0	838	1	25718at50557_38123_0:002c3f|STRG.2694.2|+|75|9.649e-17|1|486|1112|486[486]:1112[1112]:627[627]
149	1197+147	0	1874	1	60720at50557_7004_0:004a43|STRG.2978.4|+|32|0.0008487|1|1197|1343|1197[1197]:1343[1343]:147[147]
182	272+1578	0	2447	1	94143at50557_319348_0:0040ff|STRG.3625.1|+|181|1.189e-48|1|272|1849|272[272]:1849[1849]:1578[1578]
189	278+1014	0	2506	1	25718at50557_13249_0:001bb5|STRG.3775.1|+|104|1.797e-25|1|278|1291|278[278]:1291[1291]:1014[1014]
351	334+597	0	443	1	94143at50557_93721_0:002ec0|STRG.6819.1|+|90|2.945e-21|1|334|930|334[334]:930[930]:597[597]
359	572+1299	0	1225	1	94143at50557_54969_0:002985|STRG.6957.1|+|92|7.361e-22|1|572|1870|572[572]:1870[1870]:1299[1299]
438	251+504	0	102	1	93865at50557_7038_0:001719|STRG.8374.2|+|66|4.94e-14|1|251|754|251[251]:754[754]:504[504]
520	1552+198	0	1874	1	60720at50557_7004_0:004a43|STRG.9904.3|+|46|5.18e-08|1|1552|1749|1552[1552]:1749[1749]:198[198]
666	794+1413	0	3511	1	35897at50557_568069_0:0003b4|STRG.12610.3|+|70|3.088e-15|1|794|2206|794[794]:2206[2206]:1413[1413]
686	539+1020	0	1225	1	94143at50557_54969_0:002985|STRG.12986.1|+|90|2.945e-21|1|539|1558|539[539]:1558[1558]:1020[1020]
808	3296+378	0	1214	1	68599at50557_610380_0:002445|STRG.15274.1|+|51|1.619e-09|1|3296|3673|3296[3296]:3673[3673]:378[378]
831	290+1209	0	2447	1	94143at50557_319348_0:0040ff|STRG.15698.1|+|99|5.751e-24|1|290|1498|290[290]:1498[1498]:1209[1209]
840	355+294	0	1616	1	139832at50557_38123_0:000fdc|STRG.15871.2|+|44|2.072e-07|1|355|648|355[355]:648[648]:294[294]
900	1598+174	0	1874	1	60720at50557_7004_0:004a43|STRG.16960.4|+|34|0.0002122|1|1598|1771|1598[1598]:1771[1771]:174[174]
933	2+515	0	2223	1	93865at50557_83485_0:001da3|STRG.17584.2|+|371|7.579e-106|2|2|516|2[2]:313[313]:312[312]|331[331]:516[516]:186[186]
955	934+2448	0	2619	1	25718at50557_54969_0:001d6b|STRG.17973.1|+|207|1.772e-56|1|934|3381|934[934]:3381[3381]:2448[2448]
1024	340+1578	0	1840	1	25718at50557_121845_0:004b22|STRG.19225.1|+|124|1.714e-31|1|340|1917|340[340]:1917[1917]:1578[1578]
1026	661+228	0	834	1	139832at50557_315563_0:0025cb|STRG.19265.1|+|48|1.295e-08|1|661|888|661[661]:888[888]:228[228]
1088	1734+522	0	2664	1	73720at50557_7539_0:00343d|STRG.20430.2|+|124|1.714e-31|1|1734|2255|1734[1734]:2255[2255]:522[522]
1249	183+627	0	838	1	25718at50557_38123_0:002c3f|STRG.2694.3|+|75|9.649e-17|1|183|809|183[183]:809[809]:627[627]
1263	1018+147	0	1874	1	60720at50557_7004_0:004a43|STRG.2978.3|+|32|0.0008487|1|1018|1164|1018[1018]:1164[1164]:147[147]
1296	272+1533	0	2447	1	94143at50557_319348_0:0040ff|STRG.3625.2|+|185|7.433e-50|1|272|1804|272[272]:1804[1804]:1533[1533]
1303	320+1479	0	1618	1	25718at50557_1218281_0:0012b8|STRG.3776.1|+|154|1.596e-40|1|320|1798|320[320]:1798[1798]:1479[1479]
1307	1380+474	0	94	1	68599at50557_45779_0:00011e|STRG.3840.1|+|71|1.544e-15|1|1380|1853|1380[1380]:1853[1853]:474[474]
1326	146+1203	0	2623	1	35897at50557_456900_0:001f92|STRG.4160.1|+|803|6.833e-236|1|146|1348|146[146]:1348[1348]:1203[1203]
1419	635+963	0	1514	1	35897at50557_7004_0:0007c4|STRG.5922.1|+|51|1.619e-09|1|635|1597|635[635]:1597[1597]:963[963]
1473	715+1299	0	1225	1	94143at50557_54969_0:002985|STRG.6957.2|+|92|7.361e-22|1|715|2013|715[715]:2013[2013]:1299[1299]
1658	266+1494	0	3559	1	94143at50557_79782_0:001eeb|STRG.10403.1|+|91|1.472e-21|1|266|1759|266[266]:1759[1759]:1494[1494]
1780	930+1413	0	3511	1	35897at50557_568069_0:0003b4|STRG.12610.1|+|70|3.088e-15|1|930|2342|930[930]:2342[2342]:1413[1413]
1800	518+1020	0	1225	1	94143at50557_54969_0:002985|STRG.12986.3|+|90|2.945e-21|1|518|1537|518[518]:1537[1537]:1020[1020]
2152	333+1137	0	1225	1	94143at50557_54969_0:002985|STRG.19471.1|+|100|2.876e-24|1|333|1469|333[333]:1469[1469]:1137[1137]
2202	1814+522	0	2664	1	73720at50557_7539_0:00343d|STRG.20430.5|+|124|1.714e-31|1|1814|2335|1814[1814]:2335[2335]:522[522]
2417	526+1479	0	1618	1	25718at50557_1218281_0:0012b8|STRG.3776.2|+|154|1.596e-40|1|526|2004|526[526]:2004[2004]:1479[1479]
2421	672+474	0	94	1	68599at50557_45779_0:00011e|STRG.3840.2|+|71|1.544e-15|1|672|1145|672[672]:1145[1145]:474[474]
2499	520+1203	0	2067	1	35897at50557_197043_0:000e6c|STRG.5251.1|+|50|3.238e-09|1|520|1722|520[520]:1722[1722]:1203[1203]
2587	370+1299	0	1225	1	94143at50557_54969_0:002985|STRG.6957.4|+|92|7.361e-22|1|370|1668|370[370]:1668[1668]:1299[1299]
2650	1912+306	0	968	1	44960at50557_166361_0:001a4a|STRG.8121.7|+|34|0.0002122|1|1912|2217|1912[1912]:2217[2217]:306[306]
2848	372+1644	0	3320	1	62106at50557_43041_0:0019b6|STRG.11785.1|+|259|3.935e-72|2|372|2015|372[372]:563[563]:192[192]|828[828]:2015[2015]:1188[1188]
2859	1141+759	0	838	1	25718at50557_38123_0:002c3f|STRG.11972.1|+|107|2.247e-26|1|1141|1899|1141[1141]:1899[1899]:759[759]
2894	930+1413	0	3511	1	35897at50557_568069_0:0003b4|STRG.12610.2|+|70|3.088e-15|1|930|2342|930[930]:2342[2342]:1413[1413]
2979	75+1209	0	641	1	54419at50557_307491_0:002988|STRG.14210.1|+|113|3.51e-28|1|75|1283|75[75]:1283[1283]:1209[1209]
2999	1342+801	0	1992	1	68599at50557_307658_0:0019aa|STRG.14589.1|+|468|4.783e-135|1|1342|2142|1342[1342]:2142[2142]:801[801]
3060	287+1212	0	2447	1	94143at50557_319348_0:0040ff|STRG.15716.1|+|100|2.876e-24|1|287|1498|287[287]:1498[1498]:1212[1212]
3128	1637+189	0	1874	1	60720at50557_7004_0:004a43|STRG.16960.5|+|32|0.0008487|1|1637|1825|1637[1637]:1825[1825]:189[189]
3170	479+1818	0	1235	1	10268at50557_110193_0:00290f|STRG.17758.1|+|97|2.3e-23|1|479|2296|479[479]:2296[2296]:1818[1818]
3252	166+1605	0	1840	1	25718at50557_121845_0:004b22|STRG.19225.3|+|125|8.57e-32|1|166|1770|166[166]:1770[1770]:1605[1605]
3316	1814+522	0	2664	1	73720at50557_7539_0:00343d|STRG.20430.3|+|124|1.714e-31|1|1814|2335|1814[1814]:2335[2335]:522[522]
3528	342+591	0	2336	1	94143at50557_319348_0:0009e2|STRG.3699.1|+|86|4.711e-20|1|342|932|342[342]:932[932]:591[591]
3531	278+1479	0	1618	1	25718at50557_1218281_0:0012b8|STRG.3776.3|+|154|1.596e-40|1|278|1756|278[278]:1756[1756]:1479[1479]
3535	1268+474	0	94	1	68599at50557_45779_0:00011e|STRG.3840.3|+|71|1.544e-15|1|1268|1741|1268[1268]:1741[1741]:474[474]
3564	459+669	0	1729	1	25718at50557_121845_0:003eb5|STRG.4354.1|+|35|0.0001061|1|459|1127|459[459]:1127[1127]:669[669]
3613	508+1203	0	2067	1	35897at50557_197043_0:000e6c|STRG.5251.2|+|50|3.238e-09|1|508|1710|508[508]:1710[1710]:1203[1203]
3701	376+1299	0	1225	1	94143at50557_54969_0:002985|STRG.6957.3|+|92|7.361e-22|1|376|1674|376[376]:1674[1674]:1299[1299]
3764	3549+306	0	968	1	44960at50557_166361_0:001a4a|STRG.8121.10|+|34|0.0002122|1|3549|3854|3549[3549]:3854[3854]:306[306]
3962	372+1633	0	3320	1	62106at50557_43041_0:0019b6|STRG.11785.2|+|255|6.296e-71|3|372|2004|372[372]:473[473]:102[102]|475[475]:552[552]:78[78]|817[817]:2004[2004]:1188[1188]
4008	932+1413	0	3511	1	35897at50557_568069_0:0003b4|STRG.12610.4|+|70|3.088e-15|1|932|2344|932[932]:2344[2344]:1413[1413]
4032	1621+237	0	1821	1	130995at50557_34720_0:000096|STRG.13079.1|+|168|9.743e-45|1|1621|1857|1621[1621]:1857[1857]:237[237]
4093	2318+1227	0	641	1	54419at50557_307491_0:002988|STRG.14210.2|+|124|1.714e-31|1|2318|3544|2318[2318]:3544[3544]:1227[1227]
4113	345+807	0	1992	1	68599at50557_307658_0:0019aa|STRG.14589.2|+|523|1.327e-151|1|345|1151|345[345]:1151[1151]:807[807]
4134	515+2625	0	1397	1	25718at50557_219809_0:00105d|STRG.14999.1|+|281|9.382e-79|1|515|3139|515[515]:3139[3139]:2625[2625]
4165	353+1461	0	1337	1	94143at50557_54969_0:00353b|STRG.15533.1|+|68|1.235e-14|1|353|1813|353[353]:1813[1813]:1461[1461]
4284	209+2667	0	1348	1	10268at50557_246812_0:00199b|STRG.17758.2|+|592|2.249e-172|1|209|2875|209[209]:2875[2875]:2667[2667]
4343	613+1158	0	1225	1	94143at50557_54969_0:002985|STRG.18828.1|+|77|2.412e-17|1|613|1770|613[613]:1770[1770]:1158[1158]
4380	305+1146	0	106	1	94143at50557_7038_0:001312|STRG.19473.1|+|93|3.681e-22|1|305|1450|305[305]:1450[1450]:1146[1146]
4430	1072+522	0	2664	1	73720at50557_7539_0:00343d|STRG.20430.6|+|124|1.714e-31|1|1072|1593|1072[1072]:1593[1593]:522[522]
4468	169+411	0	0	1	102560at50557_103372_0:0027cb|STRG.389.1|+|277|1.501e-77|1|169|579|169[169]:579[579]:411[411]
4495	297+657	0	2080	1	42648at50557_7004_0:0018bf|STRG.907.3|+|46|5.18e-08|1|297|953|297[297]:953[953]:657[657]
4648	1804+612	0	2213	1	68599at50557_13249_0:000d31|STRG.3828.3|+|85|9.423e-20|1|1804|2415|1804[1804]:2415[2415]:612[612]
4727	436+1203	0	2067	1	35897at50557_197043_0:000e6c|STRG.5251.3|+|50|3.238e-09|1|436|1638|436[436]:1638[1638]:1203[1203]
4836	3851+588	0	1466	1	10394at50557_7536_0:0020dc|STRG.7368.1|+|66|4.94e-14|1|3851|4438|3851[3851]:4438[4438]:588[588]
4863	663+654	0	3284	1	25718at50557_319348_0:002427|STRG.7831.1|+|58|1.265e-11|1|663|1316|663[663]:1316[1316]:654[654]
4906	540+636	0	712	1	133023at50557_1049336_0:0000b4|STRG.8608.1|+|59|6.323e-12|1|540|1175|540[540]:1175[1175]:636[636]
5073	361+1308	0	439	1	94143at50557_121845_0:0041d2|STRG.11723.1|+|86|4.711e-20|1|361|1668|361[361]:1668[1668]:1308[1308]
5122	240+390	0	94	1	68599at50557_45779_0:00011e|STRG.12611.1|+|48|1.295e-08|1|240|629|240[240]:629[629]:390[390]
5183	26+912	0	1560	1	94143at50557_568069_0:0030c5|STRG.13782.1|+|81|1.508e-18|1|26|937|26[26]:937[937]:912[912]
5238	127+1095	0	106	1	94143at50557_7038_0:001312|STRG.14841.1|+|47|2.59e-08|1|127|1221|127[127]:1221[1221]:1095[1095]
5248	276+2679	0	1397	1	25718at50557_219809_0:00105d|STRG.14999.2|+|282|4.691e-79|1|276|2954|276[276]:2954[2954]:2679[2679]
5318	992+669	0	2336	1	94143at50557_319348_0:0009e2|STRG.16277.1|+|127|2.142e-32|1|992|1660|992[992]:1660[1660]:669[669]
5318	218+1440	0	3225	1	94143at50557_7004_0:00294b|STRG.16277.1|+|218|8.653e-60|1|218|1657|218[218]:1657[1657]:1440[1440]
5343	148+1320	0	106	1	94143at50557_7038_0:001312|STRG.16742.1|+|91|1.472e-21|1|148|1467|148[148]:1467[1467]:1320[1320]
5356	1628+237	0	1874	1	60720at50557_7004_0:004a43|STRG.16960.7|+|33|0.0004244|1|1628|1864|1628[1628]:1864[1864]:237[237]
5398	145+1468	0	1460	1	10268at50557_51655_0:0042a2|STRG.17758.3|+|99|5.751e-24|2|145|1612|145[145]:351[351]:207[207]|422[422]:1612[1612]:1191[1191]
5457	619+1158	0	1225	1	94143at50557_54969_0:002985|STRG.18828.2|+|77|2.412e-17|1|619|1776|619[619]:1776[1776]:1158[1158]
5494	506+1146	0	106	1	94143at50557_7038_0:001312|STRG.19473.2|+|93|3.681e-22|1|506|1651|506[506]:1651[1651]:1146[1146]
5496	1016+2646	0	2619	1	25718at50557_54969_0:001d6b|STRG.19517.1|+|240|2.063e-66|1|1016|3661|1016[1016]:3661[3661]:2646[2646]
5609	297+657	0	2080	1	42648at50557_7004_0:0018bf|STRG.907.4|+|46|5.18e-08|1|297|953|297[297]:953[953]:657[657]
5625	646+408	0	94	1	68599at50557_45779_0:00011e|STRG.1188.1|+|84|1.885e-19|1|646|1053|646[646]:1053[1053]:408[408]
5633	360+849	0	3225	1	94143at50557_7004_0:00294b|STRG.1329.1|+|89|5.889e-21|1|360|1208|360[360]:1208[1208]:849[849]
5635	1068+762	0	3215	1	73720at50557_108931_0:0048b3|STRG.1366.3|+|151|1.277e-39|1|1068|1829|1068[1068]:1829[1829]:762[762]
5762	1710+612	0	2213	1	68599at50557_13249_0:000d31|STRG.3828.1|+|85|9.423e-20|1|1710|2321|1710[1710]:2321[2321]:612[612]
5789	4+870	0	2506	1	25718at50557_13249_0:001bb5|STRG.4293.1|+|79|6.03e-18|1|4|873|4[4]:873[873]:870[870]
5798	0+2244	0	2903	1	10268at50557_64793_0:002742|STRG.4455.1|+|1433|0|1|0|2243|0[0]:2243[2243]:2244[2244]
5934	74+1134	0	1096	1	62106at50557_133901_0:003199|STRG.7039.2|+|112|7.02e-28|1|74|1207|74[74]:1207[1207]:1134[1134]
5950	3796+588	0	1466	1	10394at50557_7536_0:0020dc|STRG.7368.2|+|66|4.94e-14|1|3796|4383|3796[3796]:4383[4383]:588[588]
5953	0+681	0	1029	1	113213at50557_34720_0:001faf|STRG.7424.1|+|455|3.918e-131|1|0|680|0[0]:680[680]:681[681]
5977	736+654	0	3284	1	25718at50557_319348_0:002427|STRG.7831.2|+|57|2.529e-11|1|736|1389|736[736]:1389[1389]:654[654]
5992	3320+306	0	968	1	44960at50557_166361_0:001a4a|STRG.8121.11|+|34|0.0002122|1|3320|3625|3320[3320]:3625[3625]:306[306]
6020	540+636	0	712	1	133023at50557_1049336_0:0000b4|STRG.8608.2|+|59|6.323e-12|1|540|1175|540[540]:1175[1175]:636[636]
6192	970+774	0	406	1	42648at50557_516756_0:0012fb|STRG.11814.1|+|33|0.0004244|1|970|1743|970[970]:1743[1743]:774[774]
6439	514+981	0	2447	1	94143at50557_319348_0:0040ff|STRG.16401.1|+|72|7.719e-16|1|514|1494|514[514]:1494[1494]:981[981]
6457	148+1299	0	106	1	94143at50557_7038_0:001312|STRG.16742.2|+|87|2.356e-20|1|148|1446|148[148]:1446[1446]:1299[1299]
6511	640+795	0	2105	1	68599at50557_79782_0:00230b|STRG.17739.3|+|84|1.885e-19|1|640|1434|640[640]:1434[1434]:795[795]
6571	447+1158	0	1225	1	94143at50557_54969_0:002985|STRG.18828.3|+|77|2.412e-17|1|447|1604|447[447]:1604[1604]:1158[1158]
6678	918+240	0	1874	1	60720at50557_7004_0:004a43|STRG.20797.1|+|34|0.0002122|1|918|1157|918[918]:1157[1157]:240[240]
6723	613+630	0	2080	1	42648at50557_7004_0:0018bf|STRG.907.5|+|46|5.18e-08|1|613|1242|613[613]:1242[1242]:630[630]
6747	440+1017	0	106	1	94143at50557_7038_0:001312|STRG.1330.1|+|96|4.601e-23|1|440|1456|440[440]:1456[1456]:1017[1017]
6876	1626+612	0	2213	1	68599at50557_13249_0:000d31|STRG.3828.2|+|85|9.423e-20|1|1626|2237|1626[1626]:2237[2237]:612[612]
6903	14+1407	0	53	1	25718at50557_1629725_0:002070|STRG.4294.1|+|98|1.15e-23|1|14|1420|14[14]:1420[1420]:1407[1407]
6912	144+570	0	1680	1	10268at50557_1155016_0:00237e|STRG.4456.1|+|291|9.162e-82|1|144|713|144[144]:713[713]:570[570]
6955	793+1044	0	2346	1	10268at50557_13037_0:0016bb|STRG.5253.1|+|209|4.43e-57|1|793|1836|793[793]:1836[1836]:1044[1044]
7048	326+1188	0	1096	1	62106at50557_133901_0:003199|STRG.7039.1|+|135|8.369e-35|1|326|1513|326[326]:1513[1513]:1188[1188]
7064	1879+588	0	1466	1	10394at50557_7536_0:0020dc|STRG.7368.3|+|66|4.94e-14|1|1879|2466|1879[1879]:2466[2466]:588[588]
7067	274+321	0	2585	1	113213at50557_224129_0:002c42|STRG.7425.1|+|62|7.904e-13|1|274|594|274[274]:594[594]:321[321]
7134	461+636	0	712	1	133023at50557_1049336_0:0000b4|STRG.8608.3|+|59|6.323e-12|1|461|1096|461[461]:1096[1096]:636[636]
7172	742+852	0	2189	1	42648at50557_13037_0:0024fd|STRG.9324.1|+|55|1.012e-10|1|742|1593|742[742]:1593[1593]:852[852]
7191	1739+153	0	1874	1	60720at50557_7004_0:004a43|STRG.9681.1|+|36|5.304e-05|1|1739|1891|1739[1739]:1891[1891]:153[153]
7306	869+774	0	406	1	42648at50557_516756_0:0012fb|STRG.11814.2|+|33|0.0004244|1|869|1642|869[869]:1642[1642]:774[774]
7532	1378+420	0	1214	1	68599at50557_610380_0:002445|STRG.16000.2|+|82|7.538e-19|1|1378|1797|1378[1378]:1797[1797]:420[420]
7546	76+705	0	1225	1	94143at50557_54969_0:002985|STRG.16277.2|+|151|1.277e-39|1|76|780|76[76]:780[780]:705[705]
7553	633+981	0	2447	1	94143at50557_319348_0:0040ff|STRG.16401.2|+|72|7.719e-16|1|633|1613|633[633]:1613[1613]:981[981]
7571	351+1344	0	3558	1	94143at50557_7029_0:006933|STRG.16743.1|+|105|8.986e-26|1|351|1694|351[351]:1694[1694]:1344[1344]
7584	1235+159	0	1874	1	60720at50557_7004_0:004a43|STRG.16960.9|+|35|0.0001061|1|1235|1393|1235[1235]:1393[1393]:159[159]
7616	806+1257	0	725	1	25718at50557_197043_0:00510d|STRG.17572.1|+|115|8.775e-29|1|806|2062|806[806]:2062[2062]:1257[1257]
7782	4921+381	0	1912	1	110431at50557_319348_0:000515|STRG.20631.1|+|35|0.0001061|1|4921|5301|4921[4921]:5301[5301]:381[381]
7792	1000+240	0	1874	1	60720at50557_7004_0:004a43|STRG.20797.2|+|34|0.0002122|1|1000|1239|1000[1000]:1239[1239]:240[240]
7861	297+1230	0	106	1	94143at50557_7038_0:001312|STRG.1331.1|+|91|1.472e-21|1|297|1526|297[297]:1526[1526]:1230[1230]
7863	426+762	0	3215	1	73720at50557_108931_0:0048b3|STRG.1366.5|+|151|1.277e-39|1|426|1187|426[426]:1187[1187]:762[762]
8017	14+1413	0	53	1	25718at50557_1629725_0:002070|STRG.4294.2|+|95|9.202e-23|1|14|1426|14[14]:1426[1426]:1413[1413]
8084	734+1107	0	1478	1	113213at50557_7425_0:002011|STRG.5539.1|+|65|9.88e-14|1|734|1840|734[734]:1840[1840]:1107[1107]
8178	2280+588	0	1466	1	10394at50557_7536_0:0020dc|STRG.7368.4|+|66|4.94e-14|1|2280|2867|2280[2280]:2867[2867]:588[588]
8181	984+321	0	2585	1	113213at50557_224129_0:002c42|STRG.7425.2|+|63|3.952e-13|1|984|1304|984[984]:1304[1304]:321[321]
8248	143+636	0	712	1	133023at50557_1049336_0:0000b4|STRG.8608.4|+|59|6.323e-12|1|143|778|143[143]:778[778]:636[636]
8305	1827+153	0	1874	1	60720at50557_7004_0:004a43|STRG.9681.2|+|36|5.304e-05|1|1827|1979|1827[1827]:1979[1979]:153[153]
8409	10+561	0	2080	1	42648at50557_7004_0:0018bf|STRG.11626.1|+|48|1.295e-08|1|10|570|10[10]:570[570]:561[561]
8594	2+402	0	2566	1	102560at50557_411798_0:001114|STRG.15070.1|+|249|4.03e-69|1|2|403|2[2]:403[403]:402[402]
8646	2260+420	0	1214	1	68599at50557_610380_0:002445|STRG.16000.1|+|82|7.538e-19|1|2260|2679|2260[2260]:2679[2679]:420[420]
8696	502+384	0	1668	1	93865at50557_7460_0:001163|STRG.16927.1|+|33|0.0004244|1|502|885|502[502]:885[885]:384[384]
8730	870+801	0	2506	1	25718at50557_13249_0:001bb5|STRG.17572.2|+|91|1.472e-21|1|870|1670|870[870]:1670[1670]:801[801]
8750	2914+171	0	1874	1	60720at50557_7004_0:004a43|STRG.17924.2|+|55|1.012e-10|1|2914|3084|2914[2914]:3084[3084]:171[171]
8839	112+1329	0	1223	1	94143at50557_13249_0:002e7e|STRG.19537.1|+|118|1.097e-29|1|112|1440|112[112]:1440[1440]:1329[1329]
8876	166+288	0	3492	1	131613at50557_88501_0:000f3f|STRG.20234.1|+|64|1.976e-13|1|166|453|166[166]:453[453]:288[288]
8896	4527+381	0	1912	1	110431at50557_319348_0:000515|STRG.20631.2|+|35|0.0001061|1|4527|4907|4527[4527]:4907[4907]:381[381]
8906	1014+240	0	1874	1	60720at50557_7004_0:004a43|STRG.20797.3|+|34|0.0002122|1|1014|1253|1014[1014]:1253[1253]:240[240]
8939	2192+192	0	1874	1	60720at50557_7004_0:004a43|STRG.686.1|+|36|5.304e-05|1|2192|2383|2192[2192]:2383[2383]:192[192]
8975	709+1134	0	106	1	94143at50557_7038_0:001312|STRG.1332.1|+|95|9.202e-23|1|709|1842|709[709]:1842[1842]:1134[1134]
8977	1065+762	0	3215	1	73720at50557_108931_0:0048b3|STRG.1366.4|+|151|1.277e-39|1|1065|1826|1065[1065]:1826[1826]:762[762]
9198	734+1107	0	1478	1	113213at50557_7425_0:002011|STRG.5539.2|+|65|9.88e-14|1|734|1840|734[734]:1840[1840]:1107[1107]
9288	420+1101	0	3115	1	94143at50557_7536_0:002739|STRG.7283.1|+|94|1.84e-22|1|420|1520|420[420]:1520[1520]:1101[1101]
9352	245+162	0	1874	1	60720at50557_7004_0:004a43|STRG.8430.1|+|36|5.304e-05|1|245|406|245[245]:406[406]:162[162]
9462	1174+801	0	2633	1	42648at50557_133901_0:00203b|STRG.10530.1|+|62|7.904e-13|1|1174|1974|1174[1174]:1974[1974]:801[801]
9708	2+411	0	0	1	102560at50557_103372_0:0027cb|STRG.15070.2|+|263|2.459e-73|1|2|412|2[2]:412[412]:411[411]
9767	359+423	0	993	1	73720at50557_29031_0:000293|STRG.16128.1|+|73|3.859e-16|1|359|781|359[359]:781[781]:423[423]
9827	27+1344	0	2447	1	94143at50557_319348_0:0040ff|STRG.17240.1|+|98|1.15e-23|1|27|1370|27[27]:1370[1370]:1344[1344]
9864	2891+171	0	1874	1	60720at50557_7004_0:004a43|STRG.17924.3|+|55|1.012e-10|1|2891|3061|2891[2891]:3061[3061]:171[171]
10049	1562+711	0	3300	1	42648at50557_411798_0:002607|STRG.623.1|+|32|0.0008487|1|1562|2272|1562[1562]:2272[2272]:711[711]
10053	636+192	0	1874	1	60720at50557_7004_0:004a43|STRG.686.2|+|36|5.304e-05|1|636|827|636[636]:827[827]:192[192]
10089	1005+1062	0	3115	1	94143at50557_7536_0:002739|STRG.1333.1|+|97|2.3e-23|1|1005|2066|1005[1005]:2066[2066]:1062[1062]
10091	835+762	0	3215	1	73720at50557_108931_0:0048b3|STRG.1366.6|+|151|1.277e-39|1|835|1596|835[835]:1596[1596]:762[762]
10258	559+444	0	3280	1	139832at50557_222816_0:00136a|STRG.4537.1|+|53|4.047e-10|1|559|1002|559[559]:1002[1002]:444[444]
10337	464+1317	0	3190	1	42648at50557_7222_0:002c67|STRG.6055.1|+|63|3.952e-13|1|464|1780|464[464]:1780[1780]:1317[1317]
10402	655+1104	0	3115	1	94143at50557_7536_0:002739|STRG.7284.1|+|97|2.3e-23|1|655|1758|655[655]:1758[1758]:1104[1104]
10466	245+162	0	1874	1	60720at50557_7004_0:004a43|STRG.8430.2|+|36|5.304e-05|1|245|406|245[245]:406[406]:162[162]
10509	153+1203	0	3115	1	94143at50557_7536_0:002739|STRG.9234.1|+|116|4.388e-29|1|153|1355|153[153]:1355[1355]:1203[1203]
10576	1258+801	0	2633	1	42648at50557_133901_0:00203b|STRG.10530.2|+|62|7.904e-13|1|1258|2058|1258[1258]:2058[2058]:801[801]
10881	357+423	0	993	1	73720at50557_29031_0:000293|STRG.16128.2|+|73|3.859e-16|1|357|779|357[357]:779[779]:423[423]
10895	504+1035	0	2447	1	94143at50557_319348_0:0040ff|STRG.16403.1|+|72|7.719e-16|1|504|1538|504[504]:1538[1538]:1035[1035]
10926	1292+705	0	3101	1	68599at50557_166361_0:00188c|STRG.16960.12|+|80|3.015e-18|1|1292|1996|1292[1292]:1996[1996]:705[705]
10978	3634+171	0	1874	1	60720at50557_7004_0:004a43|STRG.17924.4|+|55|1.012e-10|1|3634|3804|3634[3634]:3804[3804]:171[171]
11124	4555+381	0	1912	1	110431at50557_319348_0:000515|STRG.20631.3|+|35|0.0001061|1|4555|4935|4555[4555]:4935[4935]:381[381]
11163	1562+711	0	3300	1	42648at50557_411798_0:002607|STRG.623.2|+|32|0.0008487|1|1562|2272|1562[1562]:2272[2272]:711[711]
11168	1997+171	0	1874	1	60720at50557_7004_0:004a43|STRG.702.1|+|37|2.652e-05|1|1997|2167|1997[1997]:2167[2167]:171[171]
11203	293+1164	0	3336	1	94143at50557_7029_0:002728|STRG.1333.2|+|95|9.202e-23|1|293|1456|293[293]:1456[1456]:1164[1164]
11300	406+1284	0	3559	1	94143at50557_79782_0:001eeb|STRG.3215.1|+|100|2.876e-24|1|406|1689|406[406]:1689[1689]:1284[1284]
11522	3384+549	0	94	1	68599at50557_45779_0:00011e|STRG.7405.1|+|92|7.361e-22|1|3384|3932|3384[3384]:3932[3932]:549[549]
11580	245+162	0	1874	1	60720at50557_7004_0:004a43|STRG.8430.3|+|36|5.304e-05|1|245|406|245[245]:406[406]:162[162]
11623	101+1176	0	1225	1	94143at50557_54969_0:002985|STRG.9234.2|+|111|1.404e-27|1|101|1276|101[101]:1276[1276]:1176[1176]
11626	853+486	0	239	1	110431at50557_69820_0:003124|STRG.9295.1|+|81|1.508e-18|1|853|1338|853[853]:1338[1338]:486[486]
11629	261+1119	0	2506	1	25718at50557_13249_0:001bb5|STRG.9348.1|+|85|9.423e-20|1|261|1379|261[261]:1379[1379]:1119[1119]
11778	1281+399	0	94	1	68599at50557_45779_0:00011e|STRG.12093.2|+|70|3.088e-15|1|1281|1679|1281[1281]:1679[1679]:399[399]
11995	299+423	0	993	1	73720at50557_29031_0:000293|STRG.16128.3|+|73|3.859e-16|1|299|721|299[299]:721[721]:423[423]
12092	3411+171	0	1874	1	60720at50557_7004_0:004a43|STRG.17924.1|+|55|1.012e-10|1|3411|3581|3411[3411]:3581[3581]:171[171]
12238	4497+381	0	1912	1	110431at50557_319348_0:000515|STRG.20631.4|+|35|0.0001061|1|4497|4877|4497[4497]:4877[4877]:381[381]
12316	204+1164	0	3336	1	94143at50557_7029_0:002728|STRG.1333.3|+|95|9.202e-23|1|204|1367|204[204]:1367[1367]:1164[1164]
12318	879+762	0	3215	1	73720at50557_108931_0:0048b3|STRG.1366.7|+|151|1.277e-39|1|879|1640|879[879]:1640[1640]:762[762]
12388	509+651	0	838	1	25718at50557_38123_0:002c3f|STRG.2697.1|+|92|7.361e-22|1|509|1159|509[509]:1159[1159]:651[651]
12539	734+1107	0	1478	1	113213at50557_7425_0:002011|STRG.5539.3|+|65|9.88e-14|1|734|1840|734[734]:1840[1840]:1107[1107]
12554	201+819	0	999	1	94143at50557_13164_0:00252e|STRG.5837.1|+|90|2.945e-21|1|201|1019|201[201]:1019[1019]:819[819]
12564	464+1317	0	3190	1	42648at50557_7222_0:002c67|STRG.6055.5|+|63|3.952e-13|1|464|1780|464[464]:1780[1780]:1317[1317]
12588	1063+645	0	772	1	93865at50557_116153_0:003008|STRG.6505.1|+|175|7.612e-47|1|1063|1707|1063[1063]:1707[1707]:645[645]
12736	352+1299	0	3115	1	94143at50557_7536_0:002739|STRG.9234.3|+|124|1.714e-31|1|352|1650|352[352]:1650[1650]:1299[1299]
12742	273+1119	0	2506	1	25718at50557_13249_0:001bb5|STRG.9348.2|+|85|9.423e-20|1|273|1391|273[273]:1391[1391]:1119[1119]
12752	243+1434	0	106	1	94143at50557_7038_0:001312|STRG.9544.1|+|97|2.3e-23|1|243|1676|243[243]:1676[1676]:1434[1434]
13005	121+1821	0	952	1	25718at50557_7536_0:0032ee|STRG.14232.2|+|133|3.348e-34|1|121|1941|121[121]:1941[1941]:1821[1821]
13087	3442+309	0	365	1	116739at50557_29031_0:000129|STRG.15750.1|+|85|9.423e-20|1|3442|3750|3442[3442]:3750[3750]:309[309]
13141	1365+153	0	1874	1	60720at50557_7004_0:004a43|STRG.16768.1|+|38|1.326e-05|1|1365|1517|1365[1365]:1517[1517]:153[153]
13205	3102+171	0	1874	1	60720at50557_7004_0:004a43|STRG.17924.5|+|55|1.012e-10|1|3102|3272|3102[3102]:3272[3272]:171[171]
13351	4497+381	0	1912	1	110431at50557_319348_0:000515|STRG.20631.5|+|35|0.0001061|1|4497|4877|4497[4497]:4877[4877]:381[381]
13431	1068+762	0	3215	1	73720at50557_108931_0:0048b3|STRG.1366.8|+|151|1.277e-39|1|1068|1829|1068[1068]:1829[1829]:762[762]
13495	86+1419	0	106	1	94143at50557_7038_0:001312|STRG.2593.1|+|116|4.388e-29|1|86|1504|86[86]:1504[1504]:1419[1419]
13501	445+651	0	838	1	25718at50557_38123_0:002c3f|STRG.2697.2|+|92|7.361e-22|1|445|1095|445[445]:1095[1095]:651[651]
13667	527+1140	0	1225	1	94143at50557_54969_0:002985|STRG.5837.2|+|103|3.594e-25|1|527|1666|527[527]:1666[1666]:1140[1140]
13677	464+1317	0	3190	1	42648at50557_7222_0:002c67|STRG.6055.7|+|63|3.952e-13|1|464|1780|464[464]:1780[1780]:1317[1317]
13701	1660+645	0	772	1	93865at50557_116153_0:003008|STRG.6505.2|+|175|7.612e-47|1|1660|2304|1660[1660]:2304[2304]:645[645]
13748	517+549	0	94	1	68599at50557_45779_0:00011e|STRG.7405.3|+|92|7.361e-22|1|517|1065|517[517]:1065[1065]:549[549]
13828	440+1272	0	855	1	42648at50557_77166_0:0013a3|STRG.8835.1|+|80|3.015e-18|1|440|1711|440[440]:1711[1711]:1272[1272]
13865	181+1434	0	106	1	94143at50557_7038_0:001312|STRG.9544.2|+|97|2.3e-23|1|181|1614|181[181]:1614[1614]:1434[1434]
14016	448+585	0	1466	1	10394at50557_7536_0:0020dc|STRG.12316.2|+|37|2.652e-05|1|448|1032|448[448]:1032[1032]:585[585]
14059	1241+414	0	1214	1	68599at50557_610380_0:002445|STRG.13153.1|+|38|1.326e-05|1|1241|1654|1241[1241]:1654[1654]:414[414]
14059	3911+183	0	1874	1	60720at50557_7004_0:004a43|STRG.13153.1|+|36|5.304e-05|1|3911|4093|3911[3911]:4093[4093]:183[183]
14118	141+1821	0	952	1	25718at50557_7536_0:0032ee|STRG.14232.1|+|133|3.348e-34|1|141|1961|141[141]:1961[1961]:1821[1821]
14200	1778+309	0	365	1	116739at50557_29031_0:000129|STRG.15750.2|+|85|9.423e-20|1|1778|2086|1778[1778]:2086[2086]:309[309]
14266	1340+150	0	1874	1	60720at50557_7004_0:004a43|STRG.16960.15|+|32|0.0008487|1|1340|1489|1340[1340]:1489[1489]:150[150]
14318	3527+171	0	1874	1	60720at50557_7004_0:004a43|STRG.17924.6|+|55|1.012e-10|1|3527|3697|3527[3527]:3697[3697]:171[171]
14450	4273+405	0	2128	1	10394at50557_121845_0:000983|STRG.20350.1|+|52|8.094e-10|1|4273|4677|4273[4273]:4677[4677]:405[405]
14461	13+453	0	1825	1	131613at50557_34720_0:001559|STRG.20578.1|+|306|2.796e-86|1|13|465|13[13]:465[465]:453[453]
14542	334+1167	0	3335	1	94143at50557_40932_0:002d0f|STRG.1335.1|+|91|1.472e-21|1|334|1500|334[334]:1500[1500]:1167[1167]
14608	82+1422	0	106	1	94143at50557_7038_0:001312|STRG.2594.1|+|114|1.755e-28|1|82|1503|82[82]:1503[1503]:1422[1422]
14765	394+1107	0	1478	1	113213at50557_7425_0:002011|STRG.5539.4|+|65|9.88e-14|1|394|1500|394[394]:1500[1500]:1107[1107]
14780	165+819	0	999	1	94143at50557_13164_0:00252e|STRG.5837.3|+|90|2.945e-21|1|165|983|165[165]:983[983]:819[819]
14790	389+1147	0	2966	1	42648at50557_143995_0:000c02|STRG.6055.8|+|49|6.475e-09|2|389|1535|389[389]:610[610]:222[222]|744[744]:1535[1535]:792[792]
14814	573+645	0	772	1	93865at50557_116153_0:003008|STRG.6505.3|+|175|7.612e-47|1|573|1217|573[573]:1217[1217]:645[645]
14818	3420+150	0	1874	1	60720at50557_7004_0:004a43|STRG.6587.1|+|36|5.304e-05|1|3420|3569|3420[3420]:3569[3569]:150[150]
14941	326+1290	0	855	1	42648at50557_77166_0:0013a3|STRG.8835.2|+|80|3.015e-18|1|326|1615|326[326]:1615[1615]:1290[1290]
14978	301+1404	0	1781	1	94143at50557_307491_0:000794|STRG.9545.1|+|118|1.097e-29|1|301|1704|301[301]:1704[1704]:1404[1404]
15125	1972+294	0	476	1	116739at50557_123851_0:001893|STRG.12234.2|+|45|1.036e-07|1|1972|2265|1972[1972]:2265[2265]:294[294]
15129	218+528	0	1466	1	10394at50557_7536_0:0020dc|STRG.12316.3|+|59|6.323e-12|1|218|745|218[218]:745[745]:528[528]
15313	1611+309	0	365	1	116739at50557_29031_0:000129|STRG.15750.3|+|85|9.423e-20|1|1611|1919|1611[1611]:1919[1919]:309[309]
15324	1738+156	0	1874	1	60720at50557_7004_0:004a43|STRG.15951.1|+|32|0.0008487|1|1738|1893|1738[1738]:1893[1893]:156[156]
15379	138+303	0	756	1	60720at50557_1218281_0:000819|STRG.16962.1|+|48|1.295e-08|1|138|440|138[138]:440[440]:303[303]
15393	473+1152	0	294	1	42648at50557_51655_0:001e51|STRG.17218.2|+|180|2.379e-48|1|473|1624|473[473]:1624[1624]:1152[1152]
15435	673+1746	0	952	1	25718at50557_7536_0:0032ee|STRG.17994.1|+|192|5.807e-52|1|673|2418|673[673]:2418[2418]:1746[1746]
15533	150+303	0	127	1	110431at50557_6973_0:003fcb|STRG.19783.1|+|119|5.485e-30|1|150|452|150[150]:452[452]:303[303]
15563	4054+405	0	2128	1	10394at50557_121845_0:000983|STRG.20350.2|+|52|8.094e-10|1|4054|4458|4054[4054]:4458[4458]:405[405]
15607	0+342	0	462	1	110431at50557_520822_0:000975|STRG.487.1|+|215|6.923e-59|1|0|341|0[0]:341[341]:342[342]
15655	301+927	0	1114	1	94143at50557_7176_0:001673|STRG.1335.3|+|72|7.719e-16|1|301|1227|301[301]:1227[1227]:927[927]
15688	888+1452	0	2957	1	35897at50557_7176_0:001a60|STRG.1969.1|+|49|6.475e-09|1|888|2339|888[888]:2339[2339]:1452[1452]
15721	300+1422	0	106	1	94143at50557_7038_0:001312|STRG.2595.1|+|108|1.123e-26|1|300|1721|300[300]:1721[1721]:1422[1422]
15779	78+666	0	1595	1	116739at50557_34720_0:0023dc|STRG.3736.1|+|434|8.217e-125|1|78|743|78[78]:743[743]:666[666]
15878	498+1107	0	1478	1	113213at50557_7425_0:002011|STRG.5539.5|+|65|9.88e-14|1|498|1604|498[498]:1604[1604]:1107[1107]
15927	1311+645	0	772	1	93865at50557_116153_0:003008|STRG.6505.5|+|175|7.612e-47|1|1311|1955|1311[1311]:1955[1955]:645[645]
16061	1019+1065	0	2506	1	25718at50557_13249_0:001bb5|STRG.8945.3|+|124|1.714e-31|1|1019|2083|1019[1019]:2083[2083]:1065[1065]
16091	298+1404	0	1781	1	94143at50557_307491_0:000794|STRG.9545.2|+|118|1.097e-29|1|298|1701|298[298]:1701[1701]:1404[1404]
16099	758+402	0	1780	1	94143at50557_143948_0:002d19|STRG.9688.1|+|85|9.423e-20|1|758|1159|758[758]:1159[1159]:402[402]
16242	215+528	0	1466	1	10394at50557_7536_0:0020dc|STRG.12316.4|+|59|6.323e-12|1|215|742|215[215]:742[742]:528[528]
16437	1941+156	0	1874	1	60720at50557_7004_0:004a43|STRG.15951.2|+|32|0.0008487|1|1941|2096|1941[1941]:2096[2096]:156[156]
16476	945+153	0	1874	1	60720at50557_7004_0:004a43|STRG.16691.1|+|35|0.0001061|1|945|1097|945[945]:1097[1097]:153[153]
16548	115+2331	0	612	1	25718at50557_104452_0:00056b|STRG.17994.2|+|175|7.612e-47|1|115|2445|115[115]:2445[2445]:2331[2331]
16579	468+1149	0	439	1	94143at50557_121845_0:0041d2|STRG.18573.1|+|91|1.472e-21|1|468|1616|468[468]:1616[1616]:1149[1149]
16676	4054+405	0	2128	1	10394at50557_121845_0:000983|STRG.20350.3|+|52|8.094e-10|1|4054|4458|4054[4054]:4458[4458]:405[405]
16716	56+273	0	328	1	94143at50557_246812_0:0036b8|STRG.368.1|+|48|1.295e-08|1|56|328|56[56]:328[328]:273[273]
16768	334+1167	0	3335	1	94143at50557_40932_0:002d0f|STRG.1335.2|+|91|1.472e-21|1|334|1500|334[334]:1500[1500]:1167[1167]
16801	888+1452	0	2957	1	35897at50557_7176_0:001a60|STRG.1969.2|+|49|6.475e-09|1|888|2339|888[888]:2339[2339]:1452[1452]
16919	704+951	0	3003	1	94143at50557_6973_0:004c45|STRG.4200.1|+|77|2.412e-17|1|704|1654|704[704]:1654[1654]:951[951]
16956	725+2427	0	2396	1	25718at50557_29031_0:000108|STRG.4876.1|+|139|5.231e-36|1|725|3151|725[725]:3151[3151]:2427[2427]
16991	498+1107	0	1478	1	113213at50557_7425_0:002011|STRG.5539.6|+|65|9.88e-14|1|498|1604|498[498]:1604[1604]:1107[1107]
17010	595+765	0	2506	1	25718at50557_13249_0:001bb5|STRG.5932.2|+|64|1.976e-13|1|595|1359|595[595]:1359[1359]:765[765]
17016	182+1362	0	2302	1	42648at50557_7070_0:001fd3|STRG.6055.9|+|64|1.976e-13|1|182|1543|182[182]:1543[1543]:1362[1362]
17040	1396+645	0	772	1	93865at50557_116153_0:003008|STRG.6505.4|+|175|7.612e-47|1|1396|2040|1396[1396]:2040[2040]:645[645]
17118	133+711	0	1437	1	68599at50557_29058_0:001c0d|STRG.7972.2|+|94|1.84e-22|1|133|843|133[133]:843[843]:711[711]
17174	1042+1065	0	2506	1	25718at50557_13249_0:001bb5|STRG.8945.1|+|124|1.714e-31|1|1042|2106|1042[1042]:2106[2106]:1065[1065]
17197	80+150	0	1874	1	60720at50557_7004_0:004a43|STRG.9402.1|+|37|2.652e-05|1|80|229|80[80]:229[229]:150[150]
17212	550+1419	0	663	1	94143at50557_125945_0:00352d|STRG.9688.2|+|121|1.371e-30|1|550|1968|550[550]:1968[1968]:1419[1419]
17463	1517+693	0	1084	1	48837at50557_166423_0:0025f8|STRG.14338.1|+|394|9.034e-113|1|1517|2209|1517[1517]:2209[2209]:693[693]
17497	536+519	0	50	1	139832at50557_28588_0:0017a6|STRG.15005.2|+|34|0.0002122|1|536|1054|536[536]:1054[1054]:519[519]
17527	75+1311	0	3558	1	94143at50557_7029_0:006933|STRG.15525.1|+|77|2.412e-17|1|75|1385|75[75]:1385[1385]:1311[1311]
17581	1095+1131	0	405	1	42648at50557_211228_0:000656|STRG.16518.1|+|151|1.277e-39|1|1095|2225|1095[1095]:2225[2225]:1131[1131]
17589	945+153	0	1874	1	60720at50557_7004_0:004a43|STRG.16691.2|+|35|0.0001061|1|945|1097|945[945]:1097[1097]:153[153]
17593	986+603	0	1991	1	68599at50557_13037_0:000b5c|STRG.16771.1|+|72|7.719e-16|1|986|1588|986[986]:1588[1588]:603[603]
17692	290+1200	0	1225	1	94143at50557_54969_0:002985|STRG.18574.1|+|92|7.361e-22|1|290|1489|290[290]:1489[1489]:1200[1200]
17789	3546+405	0	2128	1	10394at50557_121845_0:000983|STRG.20350.4|+|52|8.094e-10|1|3546|3950|3546[3546]:3950[3950]:405[405]
17914	817+1410	0	2400	1	35897at50557_217634_0:002e96|STRG.1969.3|+|53|4.047e-10|1|817|2226|817[817]:2226[2226]:1410[1410]
18034	190+579	0	1729	1	25718at50557_121845_0:003eb5|STRG.4230.1|+|63|3.952e-13|1|190|768|190[190]:768[768]:579[579]
18069	452+2427	0	2396	1	25718at50557_29031_0:000108|STRG.4876.2|+|139|5.231e-36|1|452|2878|452[452]:2878[2878]:2427[2427]
18129	469+1317	0	3190	1	42648at50557_7222_0:002c67|STRG.6055.11|+|63|3.952e-13|1|469|1785|469[469]:1785[1785]:1317[1317]
18153	864+645	0	772	1	93865at50557_116153_0:003008|STRG.6505.6|+|175|7.612e-47|1|864|1508|864[864]:1508[1508]:645[645]
18287	1195+1065	0	2506	1	25718at50557_13249_0:001bb5|STRG.8945.2|+|124|1.714e-31|1|1195|2259|1195[1195]:2259[2259]:1065[1065]
18317	422+588	0	443	1	94143at50557_93721_0:002ec0|STRG.9545.4|+|96|4.601e-23|1|422|1009|422[422]:1009[1009]:588[588]
18568	1587+675	0	1352	1	10394at50557_197043_0:003f06|STRG.14200.1|+|52|8.094e-10|1|1587|2261|1587[1587]:2261[2261]:675[675]
18576	1544+693	0	1084	1	48837at50557_166423_0:0025f8|STRG.14338.2|+|394|9.034e-113|1|1544|2236|1544[1544]:2236[2236]:693[693]
18694	913+1131	0	405	1	42648at50557_211228_0:000656|STRG.16518.2|+|151|1.277e-39|1|913|2043|913[913]:2043[2043]:1131[1131]
18702	945+153	0	1874	1	60720at50557_7004_0:004a43|STRG.16691.3|+|35|0.0001061|1|945|1097|945[945]:1097[1097]:153[153]
18805	308+1200	0	1225	1	94143at50557_54969_0:002985|STRG.18574.2|+|92|7.361e-22|1|308|1507|308[308]:1507[1507]:1200[1200]
18902	111+405	0	2128	1	10394at50557_121845_0:000983|STRG.20350.5|+|52|8.094e-10|1|111|515|111[111]:515[515]:405[405]
18994	506+1230	0	3335	1	94143at50557_40932_0:002d0f|STRG.1337.1|+|98|1.15e-23|1|506|1735|506[506]:1735[1735]:1230[1230]
19182	1233+2427	0	2396	1	25718at50557_29031_0:000108|STRG.4876.3|+|139|5.231e-36|1|1233|3659|1233[1233]:3659[3659]:2427[2427]
19242	189+1362	0	2302	1	42648at50557_7070_0:001fd3|STRG.6055.10|+|67|2.47e-14|1|189|1550|189[189]:1550[1550]:1362[1362]
19400	1051+1065	0	2506	1	25718at50557_13249_0:001bb5|STRG.8945.4|+|124|1.714e-31|1|1051|2115|1051[1051]:2115[2115]:1065[1065]
19430	138+1359	0	3335	1	94143at50557_40932_0:002d0f|STRG.9546.1|+|131|1.339e-33|1|138|1496|138[138]:1496[1496]:1359[1359]
19492	268+1149	0	1951	1	25718at50557_123851_0:001b35|STRG.10745.1|+|42|8.288e-07|1|268|1416|268[268]:1416[1416]:1149[1149]
19614	406+2553	0	1061	1	25718at50557_2015173_0:002260|STRG.12948.1|+|208|8.861e-57|1|406|2958|406[406]:2958[2958]:2553[2553]
19723	596+522	0	50	1	139832at50557_28588_0:0017a6|STRG.15005.4|+|34|0.0002122|1|596|1117|596[596]:1117[1117]:522[522]
19757	1799+840	0	838	1	25718at50557_38123_0:002c3f|STRG.15612.1|+|116|4.388e-29|1|1799|2638|1799[1799]:2638[2638]:840[840]
19807	975+1131	0	405	1	42648at50557_211228_0:000656|STRG.16518.3|+|151|1.277e-39|1|975|2105|975[975]:2105[2105]:1131[1131]
19815	835+153	0	1874	1	60720at50557_7004_0:004a43|STRG.16691.4|+|35|0.0001061|1|835|987|835[835]:987[987]:153[153]
19883	3308+771	0	1682	1	10268at50557_52612_0:001ff6|STRG.17928.1|+|126|4.285e-32|1|3308|4078|3308[3308]:4078[4078]:771[771]
19918	344+1200	0	1225	1	94143at50557_54969_0:002985|STRG.18574.3|+|92|7.361e-22|1|344|1543|344[344]:1543[1543]:1200[1200]
20295	1314+2427	0	2396	1	25718at50557_29031_0:000108|STRG.4876.4|+|139|5.231e-36|1|1314|3740|1314[1314]:3740[3740]:2427[2427]
20302	1+1158	0	53	1	25718at50557_1629725_0:002070|STRG.5024.1|+|354|9.933e-101|1|1|1158|1[1]:1158[1158]:1158[1158]
20355	182+1362	0	2302	1	42648at50557_7070_0:001fd3|STRG.6055.12|+|64|1.976e-13|1|182|1543|182[182]:1543[1543]:1362[1362]
20440	372+945	0	1682	1	10268at50557_52612_0:001ff6|STRG.7644.1|+|140|2.615e-36|1|372|1316|372[372]:1316[1316]:945[945]
20446	376+1317	0	4	1	10268at50557_1629725_0:0014a3|STRG.7738.1|+|205|7.089e-56|1|376|1692|376[376]:1692[1692]:1317[1317]
20451	359+1113	0	2506	1	25718at50557_13249_0:001bb5|STRG.7843.1|+|101|1.438e-24|1|359|1471|359[359]:1471[1471]:1113[1113]
20501	749+1068	0	4	1	10268at50557_1629725_0:0014a3|STRG.8754.1|+|199|4.537e-54|1|749|1816|749[749]:1816[1816]:1068[1068]
20536	502+150	0	1874	1	60720at50557_7004_0:004a43|STRG.9402.2|+|37|2.652e-05|1|502|651|502[502]:651[651]:150[150]
20543	332+1158	0	2447	1	94143at50557_319348_0:0040ff|STRG.9546.2|+|115|8.775e-29|1|332|1489|332[332]:1489[1489]:1158[1158]
20574	190+1341	0	3224	1	94143at50557_39758_0:00342b|STRG.10138.1|+|86|4.711e-20|1|190|1530|190[190]:1530[1530]:1341[1341]
20784	1006+834	0	1629	1	37606at50557_7539_0:001bb9|STRG.14019.1|+|35|0.0001061|1|1006|1839|1006[1006]:1839[1839]:834[834]
20790	542+411	0	726	1	25718at50557_38123_0:001cea|STRG.14133.1|+|51|1.619e-09|1|542|952|542[542]:952[952]:411[411]
20870	1841+840	0	838	1	25718at50557_38123_0:002c3f|STRG.15612.4|+|116|4.388e-29|1|1841|2680|1841[1841]:2680[2680]:840[840]
20917	880+159	0	1874	1	60720at50557_7004_0:004a43|STRG.16472.2|+|33|0.0004244|1|880|1038|880[880]:1038[1038]:159[159]
20996	2269+771	0	1682	1	10268at50557_52612_0:001ff6|STRG.17928.2|+|126|4.285e-32|1|2269|3039|2269[2269]:3039[3039]:771[771]
21031	363+1200	0	1225	1	94143at50557_54969_0:002985|STRG.18574.4|+|92|7.361e-22|1|363|1562|363[363]:1562[1562]:1200[1200]
21323	108+1440	0	2670	1	94143at50557_680683_0:0012e3|STRG.3319.1|+|84|1.885e-19|1|108|1547|108[108]:1547[1547]:1440[1440]
21408	897+2427	0	2396	1	25718at50557_29031_0:000108|STRG.4876.6|+|139|5.231e-36|1|897|3323|897[897]:3323[3323]:2427[2427]
21468	86+1362	0	2302	1	42648at50557_7070_0:001fd3|STRG.6055.13|+|64|1.976e-13|1|86|1447|86[86]:1447[1447]:1362[1362]
21649	80+150	0	1874	1	60720at50557_7004_0:004a43|STRG.9402.3|+|37|2.652e-05|1|80|229|80[80]:229[229]:150[150]
21750	1734+627	0	3131	1	110431at50557_108931_0:0036f1|STRG.11331.1|+|33|0.0004244|1|1734|2360|1734[1734]:2360[2360]:627[627]
21753	2658+192	0	1874	1	60720at50557_7004_0:004a43|STRG.11381.1|+|40|3.315e-06|1|2658|2849|2658[2658]:2849[2849]:192[192]
21838	102+885	0	2506	1	25718at50557_13249_0:001bb5|STRG.12913.1|+|101|1.438e-24|1|102|986|102[102]:986[986]:885[885]
21844	521+165	0	1874	1	60720at50557_7004_0:004a43|STRG.13021.1|+|41|1.658e-06|1|521|685|521[521]:685[685]:165[165]
21903	1+534	0	1360	1	112821at50557_103372_0:000399|STRG.14134.1|+|353|1.987e-100|1|1|534|1[1]:534[534]:534[534]
21956	58+852	0	3335	1	94143at50557_40932_0:002d0f|STRG.15142.1|+|118|1.097e-29|1|58|909|58[58]:909[909]:852[852]
21983	909+840	0	838	1	25718at50557_38123_0:002c3f|STRG.15612.2|+|116|4.388e-29|1|909|1748|909[909]:1748[1748]:840[840]
22030	897+264	0	1874	1	60720at50557_7004_0:004a43|STRG.16472.3|+|34|0.0002122|1|897|1160|897[897]:1160[1160]:264[264]
22144	309+1200	0	1225	1	94143at50557_54969_0:002985|STRG.18574.5|+|92|7.361e-22|1|309|1508|309[309]:1508[1508]:1200[1200]
22521	892+2427	0	2396	1	25718at50557_29031_0:000108|STRG.4876.5|+|139|5.231e-36|1|892|3318|892[892]:3318[3318]:2427[2427]
22588	3093+351	0	1464	1	10394at50557_38123_0:002dad|STRG.6204.2|+|57|2.529e-11|1|3093|3443|3093[3093]:3443[3443]:351[351]
22691	1703+423	0	94	1	68599at50557_45779_0:00011e|STRG.8117.1|+|76|4.824e-17|1|1703|2125|1703[1703]:2125[2125]:423[423]
22762	317+150	0	1874	1	60720at50557_7004_0:004a43|STRG.9402.4|+|37|2.652e-05|1|317|466|317[317]:466[466]:150[150]
22818	1391+180	0	1874	1	60720at50557_7004_0:004a43|STRG.10502.1|+|36|5.304e-05|1|1391|1570|1391[1391]:1570[1570]:180[180]
22829	506+669	0	1292	1	35897at50557_7536_0:000f2f|STRG.10711.1|+|47|2.59e-08|1|506|1174|506[506]:1174[1174]:669[669]
22880	462+801	0	1083	1	44960at50557_79782_0:0020ab|STRG.11617.1|+|110|2.808e-27|1|462|1262|462[462]:1262[1262]:801[801]
22957	1545+165	0	1874	1	60720at50557_7004_0:004a43|STRG.13021.2|+|41|1.658e-06|1|1545|1709|1545[1545]:1709[1709]:165[165]
22993	2113+450	0	94	1	68599at50557_45779_0:00011e|STRG.13731.1|+|65|9.88e-14|1|2113|2562|2113[2113]:2562[2562]:450[450]
23059	150+429	0	161	1	139832at50557_108931_0:003613|STRG.14962.1|+|46|5.18e-08|1|150|578|150[150]:578[578]:429[429]
23096	979+840	0	838	1	25718at50557_38123_0:002c3f|STRG.15612.3|+|116|4.388e-29|1|979|1818|979[979]:1818[1818]:840[840]
23226	506+2709	0	3173	1	25718at50557_315563_0:0017b7|STRG.17997.1|+|205|7.089e-56|1|506|3214|506[506]:3214[3214]:2709[2709]
23549	62+1440	0	2670	1	94143at50557_680683_0:0012e3|STRG.3321.1|+|85|9.423e-20|1|62|1501|62[62]:1501[1501]:1440[1440]
23634	997+2427	0	2396	1	25718at50557_29031_0:000108|STRG.4876.7|+|139|5.231e-36|1|997|3423|997[997]:3423[3423]:2427[2427]
23699	847+264	0	609	1	139832at50557_1155016_0:001c63|STRG.6164.2|+|42|8.288e-07|1|847|1110|847[847]:1110[1110]:264[264]
23701	3093+357	0	1464	1	10394at50557_38123_0:002dad|STRG.6204.3|+|57|2.529e-11|1|3093|3449|3093[3093]:3449[3449]:357[357]
23749	0+411	0	2303	1	44960at50557_1155016_0:0008dd|STRG.7082.1|+|153|3.192e-40|1|0|410|0[0]:410[410]:411[411]
23804	1482+423	0	94	1	68599at50557_45779_0:00011e|STRG.8117.2|+|76|4.824e-17|1|1482|1904|1482[1482]:1904[1904]:423[423]
23823	166+1455	0	2510	1	35897at50557_108931_0:000ea8|STRG.8439.1|+|53|4.047e-10|1|166|1620|166[166]:1620[1620]:1455[1455]
23892	2395+744	0	517	1	42648at50557_217634_0:001f21|STRG.9736.1|+|91|1.472e-21|1|2395|3138|2395[2395]:3138[3138]:744[744]
23937	1418+1938	0	1730	1	25718at50557_246812_0:0026ec|STRG.10611.1|+|176|3.806e-47|1|1418|3355|1418[1418]:3355[3355]:1938[1938]
23995	4415+231	0	1874	1	60720at50557_7004_0:004a43|STRG.11648.1|+|34|0.0002122|1|4415|4645|4415[4415]:4645[4645]:231[231]
24061	561+1311	0	106	1	94143at50557_7038_0:001312|STRG.12868.1|+|89|5.889e-21|1|561|1871|561[561]:1871[1871]:1311[1311]
24106	2113+450	0	94	1	68599at50557_45779_0:00011e|STRG.13731.2|+|65|9.88e-14|1|2113|2562|2113[2113]:2562[2562]:450[450]
24109	881+1266	0	725	1	25718at50557_197043_0:00510d|STRG.13774.1|+|151|1.277e-39|1|881|2146|881[881]:2146[2146]:1266[1266]
24355	126+462	0	1481	1	116516at50557_7004_0:001245|STRG.18305.1|+|38|1.326e-05|1|126|587|126[126]:587[587]:462[462]
24423	966+924	0	2769	1	68599at50557_37001_0:002768|STRG.19529.1|+|83|3.769e-19|1|966|1889|966[966]:1889[1889]:924[924]
24747	865+2427	0	2396	1	25718at50557_29031_0:000108|STRG.4876.8|+|139|5.231e-36|1|865|3291|865[865]:3291[3291]:2427[2427]
24786	259+948	0	2634	1	42648at50557_35570_0:00151e|STRG.5620.3|+|63|3.952e-13|1|259|1206|259[259]:1206[1206]:948[948]
24790	702+819	0	1858	1	42648at50557_69319_0:0001f2|STRG.5715.1|+|44|2.072e-07|1|702|1520|702[702]:1520[1520]:819[819]
24812	817+264	0	609	1	139832at50557_1155016_0:001c63|STRG.6164.3|+|42|8.288e-07|1|817|1080|817[817]:1080[1080]:264[264]
24814	3057+357	0	1464	1	10394at50557_38123_0:002dad|STRG.6204.4|+|57|2.529e-11|1|3057|3413|3057[3057]:3413[3413]:357[357]
24832	1829+1785	0	1840	1	25718at50557_121845_0:004b22|STRG.6539.1|+|193|2.904e-52|1|1829|3613|1829[1829]:3613[3613]:1785[1785]
24832	884+2628	0	1954	1	25718at50557_7167_0:0022a0|STRG.6539.1|+|323|2.133e-91|1|884|3511|884[884]:3511[3511]:2628[2628]
24846	1638+192	0	1874	1	60720at50557_7004_0:004a43|STRG.6814.1|+|36|5.304e-05|1|1638|1829|1638[1638]:1829[1829]:192[192]
24862	285+892	0	1303	1	44960at50557_103372_0:001285|STRG.7083.1|+|581|4.606e-169|2|285|1176|285[285]:662[662]:378[378]|718[721]:1176[1176]:459[456]
25005	2304+744	0	517	1	42648at50557_217634_0:001f21|STRG.9736.2|+|91|1.472e-21|1|2304|3047|2304[2304]:3047[3047]:744[744]
25050	1898+966	0	2506	1	25718at50557_13249_0:001bb5|STRG.10611.2|+|125|8.57e-32|1|1898|2863|1898[1898]:2863[2863]:966[966]
25054	851+1071	0	3129	1	10394at50557_52612_0:0049a4|STRG.10694.2|+|57|2.529e-11|1|851|1921|851[851]:1921[1921]:1071[1071]
25219	1465+450	0	94	1	68599at50557_45779_0:00011e|STRG.13731.3|+|65|9.88e-14|1|1465|1914|1465[1465]:1914[1914]:450[450]
25288	715+519	0	50	1	139832at50557_28588_0:0017a6|STRG.15005.10|+|34|0.0002122|1|715|1233|715[715]:1233[1233]:519[519]
25365	584+1002	0	838	1	25718at50557_38123_0:002c3f|STRG.16414.1|+|108|1.123e-26|1|584|1585|584[584]:1585[1585]:1002[1002]
25365	4088+618	0	1466	1	10394at50557_7536_0:0020dc|STRG.16414.1|+|108|1.123e-26|1|4088|4705|4088[4088]:4705[4705]:618[618]
25553	162+249	0	3187	1	38523at50557_77166_0:002ea7|STRG.19861.1|+|66|4.94e-14|1|162|410|162[162]:410[410]:249[249]
25775	676+816	0	1225	1	94143at50557_54969_0:002985|STRG.3323.1|+|102|7.189e-25|1|676|1491|676[676]:1491[1491]:816[816]
25887	190+1461	0	1000	1	94143at50557_286706_0:002f5f|STRG.5377.3|+|115|8.775e-29|2|190|1650|190[190]:960[960]:771[771]|1285[1285]:1650[1650]:366[366]
25899	2795+948	0	2634	1	42648at50557_35570_0:00151e|STRG.5620.4|+|63|3.952e-13|1|2795|3742|2795[2795]:3742[3742]:948[948]
25903	674+819	0	1858	1	42648at50557_69319_0:0001f2|STRG.5715.2|+|44|2.072e-07|1|674|1492|674[674]:1492[1492]:819[819]
25927	2535+357	0	1464	1	10394at50557_38123_0:002dad|STRG.6204.5|+|57|2.529e-11|1|2535|2891|2535[2535]:2891[2891]:357[357]
25959	1625+192	0	1874	1	60720at50557_7004_0:004a43|STRG.6814.2|+|36|5.304e-05|1|1625|1816|1625[1625]:1816[1816]:192[192]
25971	340+1275	0	442	1	94143at50557_7130_0:00208a|STRG.7005.1|+|133|3.348e-34|1|340|1614|340[340]:1614[1614]:1275[1275]
25973	187+1428	0	1781	1	94143at50557_307491_0:000794|STRG.7050.1|+|77|2.412e-17|1|187|1614|187[187]:1614[1614]:1428[1428]
25975	285+1196	0	1303	1	44960at50557_103372_0:001285|STRG.7083.2|+|749|1.231e-219|3|285|1480|285[285]:662[662]:378[378]|718[721]:1176[1176]:459[456]|1244[1247]:1480[1480]:237[234]
25985	4723+276	0	2614	1	139832at50557_197043_0:00604b|STRG.7293.2|+|96|4.601e-23|1|4723|4998|4723[4723]:4998[4998]:276[276]
26163	39+753	0	2506	1	25718at50557_13249_0:001bb5|STRG.10612.1|+|40|3.315e-06|1|39|791|39[39]:791[791]:753[753]
26167	223+513	0	1466	1	10394at50557_7536_0:0020dc|STRG.10694.1|+|82|7.538e-19|1|223|735|223[223]:735[735]:513[513]
26332	1485+450	0	94	1	68599at50557_45779_0:00011e|STRG.13731.4|+|65|9.88e-14|1|1485|1934|1485[1485]:1934[1934]:450[450]
26413	353+804	0	838	1	25718at50557_38123_0:002c3f|STRG.15215.1|+|85|9.423e-20|1|353|1156|353[353]:1156[1156]:804[804]
26478	584+1002	0	838	1	25718at50557_38123_0:002c3f|STRG.16414.2|+|108|1.123e-26|1|584|1585|584[584]:1585[1585]:1002[1002]
26478	4088+648	0	1466	1	10394at50557_7536_0:0020dc|STRG.16414.2|+|111|1.404e-27|1|4088|4735|4088[4088]:4735[4735]:648[648]
26646	450+1068	0	1225	1	94143at50557_54969_0:002985|STRG.19461.1|+|91|1.472e-21|1|450|1517|450[450]:1517[1517]:1068[1068]
26648	1061+372	0	1214	1	68599at50557_610380_0:002445|STRG.19508.1|+|75|9.649e-17|1|1061|1432|1061[1061]:1432[1432]:372[372]
26774	1382+816	0	1353	1	10394at50557_378494_0:004c1b|STRG.1146.1|+|64|1.976e-13|1|1382|2197|1382[1382]:2197[2197]:816[816]
26774	2504+438	0	2642	1	48837at50557_56086_0:0027d7|STRG.1146.1|+|38|1.326e-05|1|2504|2941|2504[2504]:2941[2941]:438[438]
26784	327+1011	0	3113	1	94143at50557_378494_0:004903|STRG.1318.1|+|93|3.681e-22|1|327|1337|327[327]:1337[1337]:1011[1011]
27000	1010+1164	0	1000	1	94143at50557_286706_0:002f5f|STRG.5377.2|+|111|1.404e-27|1|1010|2173|1010[1010]:2173[2173]:1164[1164]
27038	523+264	0	609	1	139832at50557_1155016_0:001c63|STRG.6164.5|+|42|8.288e-07|1|523|786|523[523]:786[786]:264[264]
27040	4540+351	0	1464	1	10394at50557_38123_0:002dad|STRG.6204.6|+|57|2.529e-11|1|4540|4890|4540[4540]:4890[4890]:351[351]
27045	923+819	0	2506	1	25718at50557_13249_0:001bb5|STRG.6271.1|+|94|1.84e-22|1|923|1741|923[923]:1741[1741]:819[819]
27058	14+1752	0	2064	1	25718at50557_45779_0:0018d4|STRG.6539.2|+|211|1.108e-57|1|14|1765|14[14]:1765[1765]:1752[1752]
27072	1834+192	0	1874	1	60720at50557_7004_0:004a43|STRG.6814.3|+|36|5.304e-05|1|1834|2025|1834[1834]:2025[2025]:192[192]
27084	688+1029	0	170	1	35897at50557_30019_0:000047|STRG.7006.1|+|63|3.952e-13|1|688|1716|688[688]:1716[1716]:1029[1029]
27088	285+1126	0	1303	1	44960at50557_103372_0:001285|STRG.7083.3|+|742|1.576e-217|2|285|1410|285[285]:662[662]:378[378]|718[721]:1410[1410]:693[690]
27164	951+366	0	1357	1	110431at50557_30025_0:0015af|STRG.8478.3|+|36|5.304e-05|1|951|1316|951[951]:1316[1316]:366[366]
27191	379+1236	0	53	1	25718at50557_1629725_0:002070|STRG.8949.1|+|119|5.485e-30|1|379|1614|379[379]:1614[1614]:1236[1236]
27237	1+627	0	838	1	25718at50557_38123_0:002c3f|STRG.9842.1|+|92|7.361e-22|1|1|627|1[1]:627[627]:627[627]
27280	223+513	0	1466	1	10394at50557_7536_0:0020dc|STRG.10694.3|+|82|7.538e-19|1|223|735|223[223]:735[735]:513[513]
27388	184+1350	0	999	1	94143at50557_13164_0:00252e|STRG.12621.1|+|70|3.088e-15|1|184|1533|184[184]:1533[1533]:1350[1350]
27445	1454+450	0	94	1	68599at50557_45779_0:00011e|STRG.13731.5|+|65|9.88e-14|1|1454|1903|1454[1454]:1903[1903]:450[450]
27466	391+324	0	2090	1	54419at50557_197043_0:005ea3|STRG.14103.1|+|190|2.323e-51|1|391|714|391[391]:714[714]:324[324]
27521	587+1353	0	3558	1	94143at50557_7029_0:006933|STRG.15146.1|+|143|3.269e-37|1|587|1939|587[587]:1939[1939]:1353[1353]
27526	120+1554	0	1618	1	25718at50557_1218281_0:0012b8|STRG.15215.2|+|110|2.808e-27|1|120|1673|120[120]:1673[1673]:1554[1554]
27591	584+1002	0	838	1	25718at50557_38123_0:002c3f|STRG.16414.3|+|108|1.123e-26|1|584|1585|584[584]:1585[1585]:1002[1002]
27591	4088+648	0	1466	1	10394at50557_7536_0:0020dc|STRG.16414.3|+|111|1.404e-27|1|4088|4735|4088[4088]:4735[4735]:648[648]
27887	2504+330	0	2642	1	48837at50557_56086_0:0027d7|STRG.1146.2|+|37|2.652e-05|1|2504|2833|2504[2504]:2833[2833]:330[330]
27887	1958+963	0	3129	1	10394at50557_52612_0:0049a4|STRG.1146.2|+|69|6.175e-15|1|1958|2920|1958[1958]:2920[2920]:963[963]
27891	1138+1176	0	1069	1	37606at50557_2015173_0:00082a|STRG.1215.1|+|42|8.288e-07|1|1138|2313|1138[1138]:2313[2313]:1176[1176]
27897	185+1338	0	3115	1	94143at50557_7536_0:002739|STRG.1318.2|+|93|3.681e-22|1|185|1522|185[185]:1522[1522]:1338[1338]
28083	290+1074	0	1413	1	42648at50557_29053_0:001c61|STRG.4832.1|+|167|1.949e-44|1|290|1363|290[290]:1363[1363]:1074[1074]
28113	1034+1085	0	999	1	94143at50557_13164_0:00252e|STRG.5377.4|+|95|9.202e-23|2|1034|2118|1034[1034]:1804[1804]:771[771]|1816[1816]:2118[2118]:303[303]
28113	1816+303	0	1780	1	94143at50557_143948_0:002d19|STRG.5377.4|+|49|6.475e-09|1|1816|2118|1816[1816]:2118[2118]:303[303]
28185	1929+192	0	1874	1	60720at50557_7004_0:004a43|STRG.6814.4|+|36|5.304e-05|1|1929|2120|1929[1929]:2120[2120]:192[192]
28227	561+1068	0	838	1	25718at50557_38123_0:002c3f|STRG.7595.1|+|104|1.797e-25|1|561|1628|561[561]:1628[1628]:1068[1068]
28272	1126+441	0	94	1	68599at50557_45779_0:00011e|STRG.8372.1|+|72|7.719e-16|1|1126|1566|1126[1126]:1566[1566]:441[441]
28277	1907+366	0	1357	1	110431at50557_30025_0:0015af|STRG.8478.1|+|36|5.304e-05|1|1907|2272|1907[1907]:2272[2272]:366[366]
28304	419+1209	0	53	1	25718at50557_1629725_0:002070|STRG.8949.2|+|115|8.775e-29|1|419|1627|419[419]:1627[1627]:1209[1209]
28381	880+1434	0	2617	1	25718at50557_133901_0:003073|STRG.10464.1|+|144|1.635e-37|1|880|2313|880[880]:2313[2313]:1434[1434]
28501	1156+591	0	443	1	94143at50557_93721_0:002ec0|STRG.12621.2|+|70|3.088e-15|1|1156|1746|1156[1156]:1746[1746]:591[591]
28504	316+783	0	967	1	42648at50557_79782_0:002822|STRG.12678.1|+|44|2.072e-07|1|316|1098|316[316]:1098[1098]:783[783]
28579	50+1315	0	1425	1	54419at50557_34720_0:00254f|STRG.14104.1|+|778|2.293e-228|2|50|1364|50[50]:607[607]:558[558]|609[609]:1364[1364]:756[756]
28634	486+1353	0	3558	1	94143at50557_7029_0:006933|STRG.15146.2|+|143|3.269e-37|1|486|1838|486[486]:1838[1838]:1353[1353]
28704	584+1002	0	838	1	25718at50557_38123_0:002c3f|STRG.16414.4|+|108|1.123e-26|1|584|1585|584[584]:1585[1585]:1002[1002]
28704	3815+648	0	1466	1	10394at50557_7536_0:0020dc|STRG.16414.4|+|112|7.02e-28|1|3815|4462|3815[3815]:4462[4462]:648[648]
28913	416+1101	0	852	1	42648at50557_1049336_0:001d51|STRG.20240.1|+|44|2.072e-07|1|416|1516|416[416]:1516[1516]:1101[1101]
28924	690+462	0	94	1	68599at50557_45779_0:00011e|STRG.20453.1|+|83|3.769e-19|1|690|1151|690[690]:1151[1151]:462[462]
29000	694+816	0	1353	1	10394at50557_378494_0:004c1b|STRG.1146.3|+|64|1.976e-13|1|694|1509|694[694]:1509[1509]:816[816]
29000	1816+438	0	2642	1	48837at50557_56086_0:0027d7|STRG.1146.3|+|38|1.326e-05|1|1816|2253|1816[1816]:2253[2253]:438[438]
29004	1401+1176	0	1069	1	37606at50557_2015173_0:00082a|STRG.1215.3|+|42|8.288e-07|1|1401|2576|1401[1401]:2576[2576]:1176[1176]
29114	352+1035	0	1225	1	94143at50557_54969_0:002985|STRG.3326.1|+|81|1.508e-18|1|352|1386|352[352]:1386[1386]:1035[1035]
29226	704+1164	0	1000	1	94143at50557_286706_0:002f5f|STRG.5377.1|+|111|1.404e-27|1|704|1867|704[704]:1867[1867]:1164[1164]
29238	2795+948	0	2634	1	42648at50557_35570_0:00151e|STRG.5620.6|+|63|3.952e-13|1|2795|3742|2795[2795]:3742[3742]:948[948]
29298	2124+192	0	1874	1	60720at50557_7004_0:004a43|STRG.6814.5|+|36|5.304e-05|1|2124|2315|2124[2124]:2315[2315]:192[192]
29324	527+330	0	2281	1	139832at50557_143995_0:00034e|STRG.7296.1|+|193|2.904e-52|1|527|856|527[527]:856[856]:330[330]
29390	1511+366	0	1357	1	110431at50557_30025_0:0015af|STRG.8478.2|+|36|5.304e-05|1|1511|1876|1511[1511]:1876[1876]:366[366]
29494	71+630	0	838	1	25718at50557_38123_0:002c3f|STRG.10464.2|+|60|3.162e-12|1|71|700|71[71]:700[700]:630[630]
29530	1001+177	0	1874	1	60720at50557_7004_0:004a43|STRG.11132.2|+|36|5.304e-05|1|1001|1177|1001[1001]:1177[1177]:177[177]
29593	2+516	0	3256	1	116516at50557_520822_0:000f5a|STRG.12226.2|+|323|2.133e-91|1|2|517|2[2]:517[517]:516[516]
29614	744+591	0	443	1	94143at50557_93721_0:002ec0|STRG.12621.3|+|70|3.088e-15|1|744|1334|744[744]:1334[1334]:591[591]
29655	329+3810	0	1976	1	48837at50557_45779_0:0019a6|STRG.13431.1|+|246|3.224e-68|1|329|4138|329[329]:4138[4138]:3810[3810]
29692	12+1119	0	1425	1	54419at50557_34720_0:00254f|STRG.14104.2|+|653|9.753e-191|3|12|1130|12[12]:95[95]:84[84]|154[154]:723[723]:570[570]|732[732]:1130[1130]:399[399]
29817	208+1002	0	838	1	25718at50557_38123_0:002c3f|STRG.16414.5|+|108|1.123e-26|1|208|1209|208[208]:1209[1209]:1002[1002]
29817	3712+618	0	1466	1	10394at50557_7536_0:0020dc|STRG.16414.5|+|108|1.123e-26|1|3712|4329|3712[3712]:4329[4329]:618[618]
30037	411+462	0	94	1	68599at50557_45779_0:00011e|STRG.20453.2|+|83|3.769e-19|1|411|872|411[411]:872[872]:462[462]
30100	1195+144	0	1874	1	60720at50557_7004_0:004a43|STRG.917.1|+|33|0.0004244|1|1195|1338|1195[1195]:1338[1338]:144[144]
30111	304+882	0	2447	1	94143at50557_319348_0:0040ff|STRG.1117.1|+|127|2.142e-32|1|304|1185|304[304]:1185[1185]:882[882]
30117	1533+1176	0	1069	1	37606at50557_2015173_0:00082a|STRG.1215.4|+|42|8.288e-07|1|1533|2708|1533[1533]:2708[2708]:1176[1176]
30123	1542-1296	0	439	-1	94143at50557_121845_0:0041d2|STRG.1320.1|-|90|2.945e-21|1|247|1542|1542[1542]:247[247]:1296[1296]
30209	966+171	0	1874	1	60720at50557_7004_0:004a43|STRG.2976.1|+|32|0.0008487|1|966|1136|966[966]:1136[1136]:171[171]
30227	751+705	0	1225	1	94143at50557_54969_0:002985|STRG.3327.1|+|91|1.472e-21|1|751|1455|751[751]:1455[1455]:705[705]
30339	394+1164	0	1000	1	94143at50557_286706_0:002f5f|STRG.5377.5|+|111|1.404e-27|1|394|1557|394[394]:1557[1557]:1164[1164]
30411	1594+192	0	1874	1	60720at50557_7004_0:004a43|STRG.6814.6|+|36|5.304e-05|1|1594|1785|1594[1594]:1785[1785]:192[192]
30439	5270+867	0	1960	1	37606at50557_28612_0:0054e1|STRG.7338.1|+|38|1.326e-05|1|5270|6136|5270[5270]:6136[6136]:867[867]
30443	1503+246	0	756	1	60720at50557_1218281_0:000819|STRG.7418.1|+|37|2.652e-05|1|1503|1748|1503[1503]:1748[1748]:246[246]
30583	415+363	0	327	1	94143at50557_1218281_0:001751|STRG.9965.1|+|53|4.047e-10|1|415|777|415[415]:777[777]:363[363]
30614	401+975	0	3284	1	25718at50557_319348_0:002427|STRG.10597.1|+|66|4.94e-14|1|401|1375|401[401]:1375[1375]:975[975]
30619	594+333	0	1867	1	48837at50557_93721_0:003c74|STRG.10694.6|+|39|6.631e-06|1|594|926|594[594]:926[926]:333[333]
30643	188+945	0	3103	1	68599at50557_7213_0:0004a6|STRG.11132.3|+|91|1.472e-21|1|188|1132|188[188]:1132[1132]:945[945]
30654	672+1125	0	2447	1	94143at50557_319348_0:0040ff|STRG.11334.1|+|89|5.889e-21|1|672|1796|672[672]:1796[1796]:1125[1125]
30727	292+591	0	443	1	94143at50557_93721_0:002ec0|STRG.12621.4|+|70|3.088e-15|1|292|882|292[292]:882[882]:591[591]
30762	514+369	0	1214	1	68599at50557_610380_0:002445|STRG.13310.3|+|58|1.265e-11|1|514|882|514[514]:882[882]:369[369]
30805	12+1147	0	1425	1	54419at50557_34720_0:00254f|STRG.14104.3|+|685|2.271e-200|2|12|1158|12[12]:95[95]:84[84]|154[154]:1158[1158]:1005[1005]
30930	208+1002	0	838	1	25718at50557_38123_0:002c3f|STRG.16414.6|+|108|1.123e-26|1|208|1209|208[208]:1209[1209]:1002[1002]
30930	3712+618	0	1466	1	10394at50557_7536_0:0020dc|STRG.16414.6|+|108|1.123e-26|1|3712|4329|3712[3712]:4329[4329]:618[618]
31098	424+1203	0	106	1	94143at50557_7038_0:001312|STRG.19465.1|+|85|9.423e-20|1|424|1626|424[424]:1626[1626]:1203[1203]
31224	2+507	0	443	1	94143at50557_93721_0:002ec0|STRG.1118.1|+|95|9.202e-23|1|2|508|2[2]:508[508]:507[507]
31322	1130+171	0	1874	1	60720at50557_7004_0:004a43|STRG.2976.2|+|32|0.0008487|1|1130|1300|1130[1130]:1300[1300]:171[171]
31325	1885+1086	0	57	1	35897at50557_125945_0:002f6e|STRG.3028.1|+|44|2.072e-07|1|1885|2970|1885[1885]:2970[2970]:1086[1086]
31400	2610+555	0	1466	1	10394at50557_7536_0:0020dc|STRG.4436.1|+|63|3.952e-13|1|2610|3164|2610[2610]:3164[3164]:555[555]
31444	377+1540	0	1225	1	94143at50557_54969_0:002985|STRG.5247.1|+|168|9.743e-45|2|377|1916|377[377]:994[994]:618[618]|1371[1371]:1916[1916]:546[546]
31452	418+912	0	216	1	94143at50557_224129_0:002582|STRG.5377.6|+|67|2.47e-14|1|418|1329|418[418]:1329[1329]:912[912]
31464	1739+948	0	2634	1	42648at50557_35570_0:00151e|STRG.5620.8|+|63|3.952e-13|1|1739|2686|1739[1739]:2686[2686]:948[948]
31511	1309+306	0	726	1	25718at50557_38123_0:001cea|STRG.6566.1|+|37|2.652e-05|1|1309|1614|1309[1309]:1614[1614]:306[306]
31511	694+1287	0	2506	1	25718at50557_13249_0:001bb5|STRG.6566.1|+|121|1.371e-30|1|694|1980|694[694]:1980[1980]:1287[1287]
31556	1500+246	0	756	1	60720at50557_1218281_0:000819|STRG.7418.2|+|37|2.652e-05|1|1500|1745|1500[1500]:1745[1745]:246[246]
31645	3410+147	0	1874	1	60720at50557_7004_0:004a43|STRG.8988.1|+|34|0.0002122|1|3410|3556|3410[3410]:3556[3556]:147[147]
31732	925+1260	0	3129	1	10394at50557_52612_0:0049a4|STRG.10694.9|+|60|3.162e-12|1|925|2184|925[925]:2184[2184]:1260[1260]
31767	372+1125	0	2447	1	94143at50557_319348_0:0040ff|STRG.11334.2|+|89|5.889e-21|1|372|1496|372[372]:1496[1496]:1125[1125]
31788	131+439	0	3161	1	133023at50557_34720_0:000428|STRG.11686.1|+|208|8.861e-57|2|131|569|131[131]:460[460]:330[330]|462[462]:569[569]:108[108]
31832	1259+474	0	1214	1	68599at50557_610380_0:002445|STRG.12477.1|+|78|1.206e-17|1|1259|1732|1259[1259]:1732[1732]:474[474]
31840	721+591	0	443	1	94143at50557_93721_0:002ec0|STRG.12621.5|+|70|3.088e-15|1|721|1311|721[721]:1311[1311]:591[591]
31875	1126+369	0	1214	1	68599at50557_610380_0:002445|STRG.13310.4|+|58|1.265e-11|1|1126|1494|1126[1126]:1494[1494]:369[369]
31918	12+1064	0	1425	1	54419at50557_34720_0:00254f|STRG.14104.4|+|612|2.145e-178|3|12|1075|12[12]:95[95]:84[84]|154[154]:318[318]:165[165]|320[320]:1075[1075]:756[756]
32043	208+1002	0	838	1	25718at50557_38123_0:002c3f|STRG.16414.7|+|108|1.123e-26|1|208|1209|208[208]:1209[1209]:1002[1002]
32043	3439+618	0	1466	1	10394at50557_7536_0:0020dc|STRG.16414.7|+|109|5.616e-27|1|3439|4056|3439[3439]:4056[4056]:618[618]
32064	633+945	0	62	1	37606at50557_37344_0:00081d|STRG.16810.1|+|49|6.475e-09|1|633|1577|633[633]:1577[1577]:945[945]
32211	487+1182	0	3559	1	94143at50557_79782_0:001eeb|STRG.19466.1|+|82|7.538e-19|1|487|1668|487[487]:1668[1668]:1182[1182]
32349	850+1104	0	3115	1	94143at50557_7536_0:002739|STRG.1322.1|+|89|5.889e-21|1|850|1953|850[850]:1953[1953]:1104[1104]
32372	89+498	0	437	1	93865at50557_319348_0:0033d8|STRG.1752.1|+|42|8.288e-07|1|89|586|89[89]:586[586]:498[498]
32438	1787+1086	0	57	1	35897at50557_125945_0:002f6e|STRG.3028.2|+|44|2.072e-07|1|1787|2872|1787[1787]:2872[2872]:1086[1086]
32453	795+840	0	3559	1	94143at50557_79782_0:001eeb|STRG.3329.1|+|78|1.206e-17|1|795|1634|795[795]:1634[1634]:840[840]
32513	2610+576	0	1466	1	10394at50557_7536_0:0020dc|STRG.4436.2|+|66|4.94e-14|1|2610|3185|2610[2610]:3185[3185]:576[576]
32557	298+1434	0	2447	1	94143at50557_319348_0:0040ff|STRG.5247.2|+|254|1.259e-70|1|298|1731|298[298]:1731[1731]:1434[1434]
32809	336+363	0	327	1	94143at50557_1218281_0:001751|STRG.9965.3|+|53|4.047e-10|1|336|698|336[336]:698[698]:363[363]
32845	392+1260	0	3129	1	10394at50557_52612_0:0049a4|STRG.10694.4|+|60|3.162e-12|1|392|1651|392[392]:1651[1651]:1260[1260]
32901	0+201	0	492	1	133023at50557_7539_0:002d10|STRG.11686.3|+|96|4.601e-23|1|0|200|0[0]:200[200]:201[201]
32945	1268+474	0	1214	1	68599at50557_610380_0:002445|STRG.12477.2|+|78|1.206e-17|1|1268|1741|1268[1268]:1741[1741]:474[474]
33007	1556+786	0	1771	1	68599at50557_680683_0:0013ee|STRG.13685.1|+|75|9.649e-17|1|1556|2341|1556[1556]:2341[2341]:786[786]
33177	706+945	0	62	1	37606at50557_37344_0:00081d|STRG.16810.2|+|49|6.475e-09|1|706|1650|706[706]:1650[1650]:945[945]
33186	1652+153	0	1874	1	60720at50557_7004_0:004a43|STRG.16960.1|+|37|2.652e-05|1|1652|1804|1652[1652]:1804[1804]:153[153]
33456	1923+1176	0	1069	1	37606at50557_2015173_0:00082a|STRG.1215.6|+|42|8.288e-07|1|1923|3098|1923[1923]:3098[3098]:1176[1176]
33485	89+525	0	550	1	93865at50557_7165_0:002ce9|STRG.1752.2|+|39|6.631e-06|1|89|613|89[89]:613[613]:525[525]
33548	2808+147	0	1874	1	60720at50557_7004_0:004a43|STRG.2978.1|+|32|0.0008487|1|2808|2954|2808[2808]:2954[2954]:147[147]
33551	1735+1086	0	57	1	35897at50557_125945_0:002f6e|STRG.3028.3|+|44|2.072e-07|1|1735|2820|1735[1735]:2820[2820]:1086[1086]
33577	8+663	0	444	1	98981at50557_166423_0:002877|STRG.3541.1|+|215|6.923e-59|1|8|670|8[8]:670[670]:663[663]
33626	2480+576	0	1466	1	10394at50557_7536_0:0020dc|STRG.4436.3|+|66|4.94e-14|1|2480|3055|2480[2480]:3055[3055]:576[576]
33778	406+867	0	1960	1	37606at50557_28612_0:0054e1|STRG.7338.4|+|38|1.326e-05|1|406|1272|406[406]:1272[1272]:867[867]
33958	1349+354	0	1867	1	48837at50557_93721_0:003c74|STRG.10694.5|+|40|3.315e-06|1|1349|1702|1349[1349]:1702[1702]:354[354]
33990	523+1020	0	2506	1	25718at50557_13249_0:001bb5|STRG.11284.1|+|118|1.097e-29|1|523|1542|523[523]:1542[1542]:1020[1020]
34014	0+201	0	492	1	133023at50557_7539_0:002d10|STRG.11686.2|+|96|4.601e-23|1|0|200|0[0]:200[200]:201[201]
34058	1262+474	0	1214	1	68599at50557_610380_0:002445|STRG.12477.3|+|78|1.206e-17|1|1262|1735|1262[1262]:1735[1735]:474[474]
34066	2+354	0	1780	1	94143at50557_143948_0:002d19|STRG.12623.1|+|42|8.288e-07|1|2|355|2[2]:355[355]:354[354]
34218	814+372	0	3027	1	112821at50557_7176_0:000df3|STRG.15466.1|+|34|0.0002122|1|814|1185|814[814]:1185[1185]:372[372]
34284	221+1257	0	641	1	54419at50557_307491_0:002988|STRG.16698.4|+|96|4.601e-23|1|221|1477|221[221]:1477[1477]:1257[1257]
34299	1652+153	0	1874	1	60720at50557_7004_0:004a43|STRG.16960.2|+|37|2.652e-05|1|1652|1804|1652[1652]:1804[1804]:153[153]
34487	1814+522	0	2664	1	73720at50557_7539_0:00343d|STRG.20430.4|+|124|1.714e-31|1|1814|2335|1814[1814]:2335[2335]:522[522]
34547	386+624	0	1108	1	93865at50557_121845_0:0010f1|STRG.832.1|+|38|1.326e-05|1|386|1009|386[386]:1009[1009]:624[624]
34569	1554+1176	0	1069	1	37606at50557_2015173_0:00082a|STRG.1215.7|+|42|8.288e-07|1|1554|2729|1554[1554]:2729[2729]:1176[1176]
34598	89+525	0	550	1	93865at50557_7165_0:002ce9|STRG.1752.3|+|39|6.631e-06|1|89|613|89[89]:613[613]:525[525]
34647	397+627	0	838	1	25718at50557_38123_0:002c3f|STRG.2694.1|+|75|9.649e-17|1|397|1023|397[397]:1023[1023]:627[627]
34661	1890+147	0	1874	1	60720at50557_7004_0:004a43|STRG.2978.2|+|32|0.0008487|1|1890|2036|1890[1890]:2036[2036]:147[147]
34664	1854+1089	0	57	1	35897at50557_125945_0:002f6e|STRG.3028.4|+|42|8.288e-07|1|1854|2942|1854[1854]:2942[2942]:1089[1089]
34682	899+369	0	499	1	139832at50557_7038_0:002dbe|STRG.3384.1|+|47|2.59e-08|1|899|1267|899[899]:1267[1267]:369[369]
34690	185+660	0	444	1	98981at50557_166423_0:002877|STRG.3542.1|+|323|2.133e-91|1|185|844|185[185]:844[844]:660[660]
34739	2477+576	0	1466	1	10394at50557_7536_0:0020dc|STRG.4436.4|+|66|4.94e-14|1|2477|3052|2477[2477]:3052[3052]:576[576]
34891	1490+867	0	1960	1	37606at50557_28612_0:0054e1|STRG.7338.5|+|38|1.326e-05|1|1490|2356|1490[1490]:2356[2356]:867[867]
34950	263+560	0	437	1	93865at50557_319348_0:0033d8|STRG.8374.1|+|65|9.88e-14|2|263|822|263[263]:670[670]:408[408]|724[739]:822[822]:99[84]
35032	1551+198	0	1874	1	60720at50557_7004_0:004a43|STRG.9904.2|+|46|5.18e-08|1|1551|1748|1551[1551]:1748[1748]:198[198]
35198	539+1020	0	1225	1	94143at50557_54969_0:002985|STRG.12986.2|+|90|2.945e-21|1|539|1558|539[539]:1558[1558]:1020[1020]
35241	406+645	0	1729	1	25718at50557_121845_0:003eb5|STRG.13819.1|+|33|0.0004244|1|406|1050|406[406]:1050[1050]:645[645]
35311	6606+420	0	1214	1	68599at50557_610380_0:002445|STRG.15122.1|+|49|6.475e-09|1|6606|7025|6606[6606]:7025[7025]:420[420]
35331	814+372	0	3027	1	112821at50557_7176_0:000df3|STRG.15466.2|+|34|0.0002122|1|814|1185|814[814]:1185[1185]:372[372]
35397	447+1257	0	641	1	54419at50557_307491_0:002988|STRG.16698.5|+|96|4.601e-23|1|447|1703|447[447]:1703[1703]:1257[1257]
35412	1346+255	0	1874	1	60720at50557_7004_0:004a43|STRG.16960.3|+|37|2.652e-05|1|1346|1600|1346[1346]:1600[1600]:255[255]
35445	2+498	0	2223	1	93865at50557_83485_0:001da3|STRG.17584.1|+|364|9.701e-104|1|2|499|2[2]:499[499]:498[498]
35550	511+993	0	3003	1	94143at50557_6973_0:004c45|STRG.19469.1|+|80|3.015e-18|1|511|1503|511[511]:1503[1503]:993[993]
35600	1814+522	0	2664	1	73720at50557_7539_0:00343d|STRG.20430.1|+|124|1.714e-31|1|1814|2335|1814[1814]:2335[2335]:522[522]
