41	244+1317	0	414	1	42648at50557_7222_0:002c67|STRG.726.5|+|62|3.863e-13|1|244|1560|244[244]:1560[1560]:1317[1317]
121	942+648	0	211	1	12555at50557_121225_0:000df9|STRG.2007.2|+|66|2.415e-14|1|942|1589|942[942]:1589[1589]:648[648]
167	1346+255	0	177	1	60720at50557_7004_0:004a43|STRG.2757.7|+|37|1.296e-05|1|1346|1600|1346[1346]:1600[1600]:255[255]
214	791+855	0	489	1	94143at50557_93721_0:002ec0|STRG.3516.1|+|81|7.369e-19|1|791|1645|791[791]:1645[1645]:855[855]
224	333+642	0	698	1	12555at50557_133901_0:0043f8|STRG.3695.3|+|73|1.886e-16|1|333|974|333[333]:974[974]:642[642]
246	1087+669	0	211	1	12555at50557_121225_0:000df9|STRG.4091.1|+|66|2.415e-14|1|1087|1755|1087[1087]:1755[1755]:669[669]
247	470+1152	0	704	1	42648at50557_51655_0:001e51|STRG.4106.1|+|180|1.163e-48|1|470|1621|470[470]:1621[1621]:1152[1152]
305	417+987	0	1016	1	94143at50557_30069_0:0005da|STRG.5073.2|+|73|1.886e-16|1|417|1403|417[417]:1403[1403]:987[987]
307	1032+735	0	1362	1	111718at50557_7237_0:00030b|STRG.5107.5|+|44|1.013e-07|1|1032|1766|1032[1032]:1766[1766]:735[735]
351	576+240	0	177	1	60720at50557_7004_0:004a43|STRG.5770.1|+|36|2.593e-05|1|576|815|576[576]:815[815]:240[240]
377	851+753	0	400	1	111718at50557_7493_0:001572|STRG.6189.3|+|79|2.947e-18|1|851|1603|851[851]:1603[1603]:753[753]
460	3395+261	0	358	1	12555at50557_121845_0:00419d|STRG.7599.1|+|44|1.013e-07|1|3395|3655|3395[3395]:3655[3655]:261[261]
478	704+951	0	47	1	94143at50557_6973_0:004c45|STRG.7881.3|+|75|4.716e-17|1|704|1654|704[704]:1654[1654]:951[951]
550	149+1368	0	1449	1	94143at50557_680683_0:0012e3|STRG.9045.1|+|74|9.432e-17|1|149|1516|149[149]:1516[1516]:1368[1368]
554	199+669	0	929	1	111718at50557_43151_0:00255c|STRG.9108.1|+|46|2.532e-08|1|199|867|199[199]:867[867]:669[669]
583	1011+297	0	358	1	12555at50557_121845_0:00419d|STRG.9581.4|+|49|3.165e-09|1|1011|1307|1011[1011]:1307[1307]:297[297]
692	231+261	0	358	1	12555at50557_121845_0:00419d|STRG.11365.1|+|58|6.181e-12|1|231|491|231[231]:491[491]:261[261]
789	1435+246	0	1238	1	60720at50557_1218281_0:000819|STRG.12892.3|+|37|1.296e-05|1|1435|1680|1435[1435]:1680[1680]:246[246]
842	500+378	0	1199	1	73720at50557_29031_0:000293|STRG.13720.1|+|75|4.716e-17|1|500|877|500[500]:877[877]:378[378]
1014	2867+555	0	445	1	10394at50557_7536_0:0020dc|STRG.16484.5|+|63|1.932e-13|1|2867|3421|2867[2867]:3421[3421]:555[555]
1064	2+303	0	1063	1	94143at50557_143948_0:002d19|STRG.130.1|+|53|1.978e-10|1|2|304|2[2]:304[304]:303[303]
1096	471+426	0	358	1	12555at50557_121845_0:00419d|STRG.651.1|+|51|7.912e-10|1|471|896|471[471]:896[896]:426[426]
1101	244+1317	0	414	1	42648at50557_7222_0:002c67|STRG.726.4|+|62|3.863e-13|1|244|1560|244[244]:1560[1560]:1317[1317]
1111	980+837	0	211	1	12555at50557_121225_0:000df9|STRG.874.1|+|84|9.211e-20|1|980|1816|980[980]:1816[1816]:837[837]
1181	470+648	0	211	1	12555at50557_121225_0:000df9|STRG.2007.4|+|66|2.415e-14|1|470|1117|470[470]:1117[1117]:648[648]
1274	553+855	0	489	1	94143at50557_93721_0:002ec0|STRG.3516.2|+|81|7.369e-19|1|553|1407|553[553]:1407[1407]:855[855]
1284	479+720	0	698	1	12555at50557_133901_0:0043f8|STRG.3695.4|+|73|1.886e-16|1|479|1198|479[479]:1198[1198]:720[720]
1306	1078+669	0	211	1	12555at50557_121225_0:000df9|STRG.4091.2|+|66|2.415e-14|1|1078|1746|1078[1078]:1746[1746]:669[669]
1307	212+1152	0	704	1	42648at50557_51655_0:001e51|STRG.4106.2|+|180|1.163e-48|1|212|1363|212[212]:1363[1363]:1152[1152]
1328	153+486	0	489	1	94143at50557_93721_0:002ec0|STRG.4430.1|+|78|5.895e-18|1|153|638|153[153]:638[638]:486[486]
1411	482+240	0	177	1	60720at50557_7004_0:004a43|STRG.5770.2|+|36|2.593e-05|1|482|721|482[482]:721[721]:240[240]
1437	749+753	0	400	1	111718at50557_7493_0:001572|STRG.6189.4|+|79|2.947e-18|1|749|1501|749[749]:1501[1501]:753[753]
1520	3978+261	0	358	1	12555at50557_121845_0:00419d|STRG.7599.3|+|44|1.013e-07|1|3978|4238|3978[3978]:4238[4238]:261[261]
1610	99+1368	0	1449	1	94143at50557_680683_0:0012e3|STRG.9045.2|+|74|9.432e-17|1|99|1466|99[99]:1466[1466]:1368[1368]
1643	1011+297	0	358	1	12555at50557_121845_0:00419d|STRG.9581.3|+|49|3.165e-09|1|1011|1307|1011[1011]:1307[1307]:297[297]
1702	1824+522	0	382	1	73720at50557_7539_0:00343d|STRG.10523.2|+|121|6.702e-31|1|1824|2345|1824[1824]:2345[2345]:522[522]
1729	3648+150	0	177	1	60720at50557_7004_0:004a43|STRG.10980.1|+|36|2.593e-05|1|3648|3797|3648[3648]:3797[3797]:150[150]
1902	417+378	0	1199	1	73720at50557_29031_0:000293|STRG.13720.2|+|75|4.716e-17|1|417|794|417[417]:794[794]:378[378]
2001	135+1536	0	1531	1	68076at50557_34740_0:002ced|STRG.15271.1|+|252|2.462e-70|1|135|1670|135[135]:1670[1670]:1536[1536]
2014	2640+288	0	210	1	125046at50557_7222_0:0000e4|STRG.15511.6|+|31|0.0008296|1|2640|2927|2640[2640]:2927[2927]:288[288]
2156	471+426	0	358	1	12555at50557_121845_0:00419d|STRG.651.3|+|51|7.912e-10|1|471|896|471[471]:896[896]:426[426]
2157	267+642	0	457	1	12555at50557_28612_0:005596|STRG.668.2|+|76|2.358e-17|1|267|908|267[267]:908[908]:642[642]
2161	481+1317	0	414	1	42648at50557_7222_0:002c67|STRG.726.6|+|62|3.863e-13|1|481|1797|481[481]:1797[1797]:1317[1317]
2171	266+837	0	211	1	12555at50557_121225_0:000df9|STRG.874.2|+|84|9.211e-20|1|266|1102|266[266]:1102[1102]:837[837]
2241	287+648	0	211	1	12555at50557_121225_0:000df9|STRG.2007.3|+|66|2.415e-14|1|287|934|287[287]:934[934]:648[648]
2334	66+1368	0	341	1	94143at50557_7038_0:001312|STRG.3516.3|+|81|7.369e-19|1|66|1433|66[66]:1433[1433]:1368[1368]
2366	1078+669	0	211	1	12555at50557_121225_0:000df9|STRG.4091.3|+|66|2.415e-14|1|1078|1746|1078[1078]:1746[1746]:669[669]
2367	167+537	0	897	1	42648at50557_76194_0:0004bf|STRG.4106.3|+|90|1.439e-21|1|167|703|167[167]:703[703]:537[537]
2388	30+531	0	489	1	94143at50557_93721_0:002ec0|STRG.4430.2|+|82|3.684e-19|1|30|560|30[30]:560[560]:531[531]
2425	447+1041	0	778	1	94143at50557_7176_0:001673|STRG.5073.3|+|95|4.497e-23|1|447|1487|447[447]:1487[1487]:1041[1041]
2471	541+240	0	177	1	60720at50557_7004_0:004a43|STRG.5770.3|+|36|2.593e-05|1|541|780|541[541]:780[780]:240[240]
2514	7295+375	0	1467	1	12555at50557_378494_0:000ae9|STRG.6446.1|+|64|9.658e-14|1|7295|7669|7295[7295]:7669[7669]:375[375]
2580	923+261	0	358	1	12555at50557_121845_0:00419d|STRG.7599.4|+|44|1.013e-07|1|923|1183|923[923]:1183[1183]:261[261]
2602	1236+177	0	177	1	60720at50557_7004_0:004a43|STRG.7948.1|+|38|6.482e-06|1|1236|1412|1236[1236]:1412[1412]:177[177]
2602	2901+246	0	1238	1	60720at50557_1218281_0:000819|STRG.7948.1|+|39|3.241e-06|1|2901|3146|2901[2901]:3146[3146]:246[246]
2718	1753+594	0	699	1	12555at50557_29031_0:000522|STRG.9800.1|+|74|9.432e-17|1|1753|2346|1753[1753]:2346[2346]:594[594]
2733	1974+963	0	1165	1	10394at50557_52612_0:0049a4|STRG.10055.2|+|65|4.829e-14|1|1974|2936|1974[1974]:2936[2936]:963[963]
2762	1824+522	0	382	1	73720at50557_7539_0:00343d|STRG.10523.3|+|121|6.702e-31|1|1824|2345|1824[1824]:2345[2345]:522[522]
2782	3085+567	0	116	1	12555at50557_7004_0:002cc8|STRG.10864.1|+|96|2.249e-23|1|3085|3651|3085[3085]:3651[3651]:567[567]
2789	3354+150	0	177	1	60720at50557_7004_0:004a43|STRG.10980.2|+|36|2.593e-05|1|3354|3503|3354[3354]:3503[3503]:150[150]
2954	4866+183	0	177	1	60720at50557_7004_0:004a43|STRG.13598.1|+|36|2.593e-05|1|4866|5048|4866[4866]:5048[5048]:183[183]
3074	2169+288	0	210	1	125046at50557_7222_0:0000e4|STRG.15511.7|+|31|0.0008296|1|2169|2456|2169[2169]:2456[2456]:288[288]
3090	67+150	0	177	1	60720at50557_7004_0:004a43|STRG.15750.2|+|38|6.482e-06|1|67|216|67[67]:216[216]:150[150]
3216	702+426	0	358	1	12555at50557_121845_0:00419d|STRG.651.2|+|51|7.912e-10|1|702|1127|702[702]:1127[1127]:426[426]
3217	280+642	0	457	1	12555at50557_28612_0:005596|STRG.668.1|+|76|2.358e-17|1|280|921|280[280]:921[921]:642[642]
3231	208+837	0	211	1	12555at50557_121225_0:000df9|STRG.874.3|+|84|9.211e-20|1|208|1044|208[208]:1044[1044]:837[837]
3301	656+648	0	211	1	12555at50557_121225_0:000df9|STRG.2007.5|+|66|2.415e-14|1|656|1303|656[656]:1303[1303]:648[648]
3347	1013+150	0	177	1	60720at50557_7004_0:004a43|STRG.2757.15|+|33|0.0002074|1|1013|1162|1013[1013]:1162[1162]:150[150]
3394	66+1365	0	341	1	94143at50557_7038_0:001312|STRG.3516.4|+|82|3.684e-19|1|66|1430|66[66]:1430[1430]:1365[1365]
3426	1078+669	0	211	1	12555at50557_121225_0:000df9|STRG.4091.4|+|66|2.415e-14|1|1078|1746|1078[1078]:1746[1746]:669[669]
3442	4965+231	0	177	1	60720at50557_7004_0:004a43|STRG.4329.1|+|34|0.0001037|1|4965|5195|4965[4965]:5195[5195]:231[231]
3535	230+1296	0	292	1	94143at50557_7029_0:006933|STRG.5841.1|+|76|2.358e-17|1|230|1525|230[230]:1525[1525]:1296[1296]
3574	7083+375	0	1467	1	12555at50557_378494_0:000ae9|STRG.6446.2|+|64|9.658e-14|1|7083|7457|7083[7083]:7457[7457]:375[375]
3612	1464+1134	0	801	1	42648at50557_7536_0:002040|STRG.7144.2|+|36|2.593e-05|1|1464|2597|1464[1464]:2597[2597]:1134[1134]
3640	3217+261	0	358	1	12555at50557_121845_0:00419d|STRG.7599.6|+|44|1.013e-07|1|3217|3477|3217[3217]:3477[3477]:261[261]
3662	1719+246	0	1238	1	60720at50557_1218281_0:000819|STRG.7948.2|+|39|3.241e-06|1|1719|1964|1719[1719]:1964[1964]:246[246]
3734	370+669	0	929	1	111718at50557_43151_0:00255c|STRG.9108.2|+|46|2.532e-08|1|370|1038|370[370]:1038[1038]:669[669]
3822	1824+522	0	382	1	73720at50557_7539_0:00343d|STRG.10523.1|+|121|6.702e-31|1|1824|2345|1824[1824]:2345[2345]:522[522]
3842	3169+567	0	116	1	12555at50557_7004_0:002cc8|STRG.10864.2|+|96|2.249e-23|1|3169|3735|3169[3169]:3735[3735]:567[567]
3845	525+153	0	177	1	60720at50557_7004_0:004a43|STRG.10913.1|+|35|5.185e-05|1|525|677|525[525]:677[677]:153[153]
3849	2709+150	0	177	1	60720at50557_7004_0:004a43|STRG.10980.3|+|36|2.593e-05|1|2709|2858|2709[2709]:2858[2858]:150[150]
4014	4866+183	0	177	1	60720at50557_7004_0:004a43|STRG.13598.2|+|36|2.593e-05|1|4866|5048|4866[4866]:5048[5048]:183[183]
4088	557+324	0	358	1	12555at50557_121845_0:00419d|STRG.14756.1|+|55|4.945e-11|1|557|880|557[557]:880[880]:324[324]
4134	227+288	0	210	1	125046at50557_7222_0:0000e4|STRG.15511.10|+|31|0.0008296|1|227|514|227[227]:514[514]:288[288]
4150	402+150	0	177	1	60720at50557_7004_0:004a43|STRG.15750.1|+|37|1.296e-05|1|402|551|402[402]:551[551]:150[150]
4276	721+444	0	358	1	12555at50557_121845_0:00419d|STRG.651.4|+|52|3.956e-10|1|721|1164|721[721]:1164[1164]:444[444]
4291	632+837	0	211	1	12555at50557_121225_0:000df9|STRG.874.4|+|84|9.211e-20|1|632|1468|632[632]:1468[1468]:837[837]
4407	138+303	0	373	1	60720at50557_7130_0:00246f|STRG.2758.1|+|47|1.266e-08|1|138|440|138[138]:440[440]:303[303]
4428	123+1668	0	1531	1	68076at50557_34740_0:002ced|STRG.3099.1|+|276|1.467e-77|1|123|1790|123[123]:1790[1790]:1668[1668]
4486	1078+669	0	211	1	12555at50557_121225_0:000df9|STRG.4091.5|+|66|2.415e-14|1|1078|1746|1078[1078]:1746[1746]:669[669]
4595	230+1296	0	292	1	94143at50557_7029_0:006933|STRG.5841.2|+|74|9.432e-17|1|230|1525|230[230]:1525[1525]:1296[1296]
4634	7107+375	0	1467	1	12555at50557_378494_0:000ae9|STRG.6446.3|+|64|9.658e-14|1|7107|7481|7107[7107]:7481[7481]:375[375]
4672	2141+1134	0	801	1	42648at50557_7536_0:002040|STRG.7144.1|+|36|2.593e-05|1|2141|3274|2141[2141]:3274[3274]:1134[1134]
4700	3199+261	0	358	1	12555at50557_121845_0:00419d|STRG.7599.8|+|44|1.013e-07|1|3199|3459|3199[3199]:3459[3459]:261[261]
4794	302+669	0	929	1	111718at50557_43151_0:00255c|STRG.9108.3|+|46|2.532e-08|1|302|970|302[302]:970[970]:669[669]
4856	265+1494	0	293	1	94143at50557_79782_0:001eeb|STRG.10106.1|+|90|1.439e-21|1|265|1758|265[265]:1758[1758]:1494[1494]
4882	1824+522	0	382	1	73720at50557_7539_0:00343d|STRG.10523.4|+|121|6.702e-31|1|1824|2345|1824[1824]:2345[2345]:522[522]
4889	694+1299	0	634	1	94143at50557_7165_0:0010a8|STRG.10643.1|+|74|9.432e-17|1|694|1992|694[694]:1992[1992]:1299[1299]
4902	1959+567	0	116	1	12555at50557_7004_0:002cc8|STRG.10864.3|+|96|2.249e-23|1|1959|2525|1959[1959]:2525[2525]:567[567]
4905	1014+153	0	177	1	60720at50557_7004_0:004a43|STRG.10913.2|+|35|5.185e-05|1|1014|1166|1014[1014]:1166[1166]:153[153]
4909	3388+150	0	177	1	60720at50557_7004_0:004a43|STRG.10980.4|+|36|2.593e-05|1|3388|3537|3388[3388]:3537[3537]:150[150]
5074	4866+183	0	177	1	60720at50557_7004_0:004a43|STRG.13598.3|+|36|2.593e-05|1|4866|5048|4866[4866]:5048[5048]:183[183]
5078	1317+1209	0	748	1	12555at50557_52612_0:004446|STRG.13665.1|+|94|8.995e-23|1|1317|2525|1317[1317]:2525[2525]:1209[1209]
5078	1107+1461	0	1226	1	12555at50557_166423_0:002c53|STRG.13665.1|+|143|1.598e-37|1|1107|2567|1107[1107]:2567[2567]:1461[1461]
5148	423+324	0	358	1	12555at50557_121845_0:00419d|STRG.14756.2|+|55|4.945e-11|1|423|746|423[423]:746[746]:324[324]
5163	1475+180	0	177	1	60720at50557_7004_0:004a43|STRG.14966.11|+|31|0.0008296|1|1475|1654|1475[1475]:1654[1654]:180[180]
5210	67+150	0	177	1	60720at50557_7004_0:004a43|STRG.15750.3|+|38|6.482e-06|1|67|216|67[67]:216[216]:150[150]
5225	2502+624	0	772	1	83860at50557_37344_0:001bec|STRG.16022.1|+|31|0.0008296|1|2502|3125|2502[2502]:3125[3125]:624[624]
5351	641+837	0	211	1	12555at50557_121225_0:000df9|STRG.874.5|+|84|9.211e-20|1|641|1477|641[641]:1477[1477]:837[837]
5546	1078+669	0	211	1	12555at50557_121225_0:000df9|STRG.4091.6|+|66|2.415e-14|1|1078|1746|1078[1078]:1746[1746]:669[669]
5578	710+768	0	799	1	42648at50557_217634_0:001f21|STRG.4617.1|+|49|3.165e-09|1|710|1477|710[710]:1477[1477]:768[768]
5635	4126+591	0	445	1	10394at50557_7536_0:0020dc|STRG.5530.2|+|108|5.49e-27|1|4126|4716|4126[4126]:4716[4716]:591[591]
5655	278+1296	0	292	1	94143at50557_7029_0:006933|STRG.5841.4|+|74|9.432e-17|1|278|1573|278[278]:1573[1573]:1296[1296]
5694	7140+375	0	1467	1	12555at50557_378494_0:000ae9|STRG.6446.4|+|64|9.658e-14|1|7140|7514|7140[7140]:7514[7514]:375[375]
5732	1945+1134	0	801	1	42648at50557_7536_0:002040|STRG.7144.3|+|36|2.593e-05|1|1945|3078|1945[1945]:3078[3078]:1134[1134]
5760	3205+261	0	358	1	12555at50557_121845_0:00419d|STRG.7599.9|+|44|1.013e-07|1|3205|3465|3205[3205]:3465[3465]:261[261]
5781	1613+381	0	1094	1	60720at50557_1155016_0:0066e9|STRG.7934.1|+|32|0.0004148|1|1613|1993|1613[1613]:1993[1993]:381[381]
5942	1218+522	0	382	1	73720at50557_7539_0:00343d|STRG.10523.7|+|121|6.702e-31|1|1218|1739|1218[1218]:1739[1739]:522[522]
5949	319+1356	0	292	1	94143at50557_7029_0:006933|STRG.10644.1|+|68|6.036e-15|1|319|1674|319[319]:1674[1674]:1356[1356]
5962	1875+567	0	116	1	12555at50557_7004_0:002cc8|STRG.10864.4|+|96|2.249e-23|1|1875|2441|1875[1875]:2441[2441]:567[567]
5965	1014+153	0	177	1	60720at50557_7004_0:004a43|STRG.10913.3|+|35|5.185e-05|1|1014|1166|1014[1014]:1166[1166]:153[153]
5969	3307+150	0	177	1	60720at50557_7004_0:004a43|STRG.10980.5|+|36|2.593e-05|1|3307|3456|3307[3307]:3456[3456]:150[150]
6138	1158+1209	0	748	1	12555at50557_52612_0:004446|STRG.13665.2|+|94|8.995e-23|1|1158|2366|1158[1158]:2366[2366]:1209[1209]
6138	948+1461	0	1226	1	12555at50557_166423_0:002c53|STRG.13665.2|+|143|1.598e-37|1|948|2408|948[948]:2408[2408]:1461[1461]
6270	206+150	0	177	1	60720at50557_7004_0:004a43|STRG.15750.4|+|37|1.296e-05|1|206|355|206[206]:355[355]:150[150]
6462	305+1146	0	341	1	94143at50557_7038_0:001312|STRG.1716.1|+|98|5.622e-24|1|305|1450|305[305]:1450[1450]:1146[1146]
6499	291+1032	0	1352	1	94143at50557_319348_0:0040ff|STRG.2316.1|+|86|2.303e-20|1|291|1322|291[291]:1322[1322]:1032[1032]
6510	1677+171	0	177	1	60720at50557_7004_0:004a43|STRG.2484.1|+|37|1.296e-05|1|1677|1847|1677[1677]:1847[1847]:171[171]
6520	1700+714	0	116	1	12555at50557_7004_0:002cc8|STRG.2647.1|+|82|3.684e-19|1|1700|2413|1700[1700]:2413[2413]:714[714]
6520	509+1029	0	750	1	12555at50557_93721_0:0043db|STRG.2647.1|+|123|1.675e-31|1|509|1537|509[509]:1537[1537]:1029[1029]
6520	1079+1332	0	1226	1	12555at50557_166423_0:002c53|STRG.2647.1|+|142|3.196e-37|1|1079|2410|1079[1079]:2410[2410]:1332[1332]
6606	1078+669	0	211	1	12555at50557_121225_0:000df9|STRG.4091.7|+|66|2.415e-14|1|1078|1746|1078[1078]:1746[1746]:669[669]
6638	995+768	0	799	1	42648at50557_217634_0:001f21|STRG.4617.2|+|49|3.165e-09|1|995|1762|995[995]:1762[1762]:768[768]
6655	510+1110	0	895	1	42648at50557_222816_0:001e43|STRG.4926.1|+|83|1.842e-19|1|510|1619|510[510]:1619[1619]:1110[1110]
6695	3715+618	0	445	1	10394at50557_7536_0:0020dc|STRG.5530.1|+|109|2.745e-27|1|3715|4332|3715[3715]:4332[4332]:618[618]
6715	223+1296	0	292	1	94143at50557_7029_0:006933|STRG.5841.3|+|74|9.432e-17|1|223|1518|223[223]:1518[1518]:1296[1296]
6754	7191+375	0	1467	1	12555at50557_378494_0:000ae9|STRG.6446.5|+|64|9.658e-14|1|7191|7565|7191[7191]:7565[7565]:375[375]
6792	2021+1134	0	801	1	42648at50557_7536_0:002040|STRG.7144.4|+|36|2.593e-05|1|2021|3154|2021[2021]:3154[3154]:1134[1134]
6820	3686+261	0	358	1	12555at50557_121845_0:00419d|STRG.7599.7|+|44|1.013e-07|1|3686|3946|3686[3686]:3946[3946]:261[261]
6841	2210+381	0	1094	1	60720at50557_1155016_0:0066e9|STRG.7934.2|+|32|0.0004148|1|2210|2590|2210[2210]:2590[2590]:381[381]
6971	36+846	0	1226	1	12555at50557_166423_0:002c53|STRG.10027.1|+|115|4.289e-29|1|36|881|36[36]:881[881]:846[846]
7002	1749+522	0	382	1	73720at50557_7539_0:00343d|STRG.10523.5|+|121|6.702e-31|1|1749|2270|1749[1749]:2270[2270]:522[522]
7009	167+1092	0	387	1	94143at50557_121225_0:000c15|STRG.10644.2|+|56|2.472e-11|1|167|1258|167[167]:1258[1258]:1092[1092]
7045	296+1608	0	1531	1	68076at50557_34740_0:002ced|STRG.11243.1|+|249|1.969e-69|1|296|1903|296[296]:1903[1903]:1608[1608]
7051	1109+243	0	1238	1	60720at50557_1218281_0:000819|STRG.11350.1|+|33|0.0002074|1|1109|1351|1109[1109]:1351[1351]:243[243]
7314	2094+288	0	210	1	125046at50557_7222_0:0000e4|STRG.15511.11|+|31|0.0008296|1|2094|2381|2094[2094]:2381[2381]:288[288]
7330	203+150	0	177	1	60720at50557_7004_0:004a43|STRG.15750.5|+|37|1.296e-05|1|203|352|203[203]:352[352]:150[150]
7338	1176+816	0	266	1	42648at50557_37344_0:002112|STRG.15897.2|+|34|0.0001037|1|1176|1991|1176[1176]:1991[1991]:816[816]
7559	587+1032	0	1352	1	94143at50557_319348_0:0040ff|STRG.2316.2|+|86|2.303e-20|1|587|1618|587[587]:1618[1618]:1032[1032]
7570	1515+171	0	177	1	60720at50557_7004_0:004a43|STRG.2484.2|+|37|1.296e-05|1|1515|1685|1515[1515]:1685[1685]:171[171]
7580	1712+714	0	116	1	12555at50557_7004_0:002cc8|STRG.2647.2|+|82|3.684e-19|1|1712|2425|1712[1712]:2425[2425]:714[714]
7580	1091+1332	0	1226	1	12555at50557_166423_0:002c53|STRG.2647.2|+|142|3.196e-37|1|1091|2422|1091[1091]:2422[2422]:1332[1332]
7683	1581+486	0	1371	1	12555at50557_37001_0:000625|STRG.4348.1|+|53|1.978e-10|1|1581|2066|1581[1581]:2066[2066]:486[486]
7698	1008+768	0	799	1	42648at50557_217634_0:001f21|STRG.4617.3|+|49|3.165e-09|1|1008|1775|1008[1008]:1775[1775]:768[768]
7715	439+1110	0	895	1	42648at50557_222816_0:001e43|STRG.4926.2|+|83|1.842e-19|1|439|1548|439[439]:1548[1548]:1110[1110]
7755	4092+591	0	445	1	10394at50557_7536_0:0020dc|STRG.5530.5|+|108|5.49e-27|1|4092|4682|4092[4092]:4682[4682]:591[591]
7880	3975+261	0	358	1	12555at50557_121845_0:00419d|STRG.7599.5|+|44|1.013e-07|1|3975|4235|3975[3975]:4235[4235]:261[261]
7901	2035+381	0	1094	1	60720at50557_1155016_0:0066e9|STRG.7934.3|+|32|0.0004148|1|2035|2415|2035[2035]:2415[2415]:381[381]
7903	1719+654	0	748	1	12555at50557_52612_0:004446|STRG.7965.1|+|92|3.598e-22|1|1719|2372|1719[1719]:2372[2372]:654[654]
7906	768+564	0	698	1	12555at50557_133901_0:0043f8|STRG.8013.1|+|78|5.895e-18|1|768|1331|768[768]:1331[1331]:564[564]
8062	1749+522	0	382	1	73720at50557_7539_0:00343d|STRG.10523.6|+|121|6.702e-31|1|1749|2270|1749[1749]:2270[2270]:522[522]
8156	576+1158	0	825	1	94143at50557_54969_0:002985|STRG.12097.1|+|79|2.947e-18|1|576|1733|576[576]:1733[1733]:1158[1158]
8261	1752+1071	0	1136	1	42648at50557_610380_0:000109|STRG.13708.1|+|33|0.0002074|1|1752|2822|1752[1752]:2822[2822]:1071[1071]
8287	1182+144	0	177	1	60720at50557_7004_0:004a43|STRG.14097.4|+|33|0.0002074|1|1182|1325|1182[1182]:1325[1325]:144[144]
8390	342+150	0	177	1	60720at50557_7004_0:004a43|STRG.15750.6|+|38|6.482e-06|1|342|491|342[342]:491[491]:150[150]
8428	60+930	0	177	1	60720at50557_7004_0:004a43|STRG.16397.1|+|51|7.912e-10|2|60|989|60[60]:104[104]:45[45]|750[750]:989[989]:240[240]
8494	869+270	0	437	1	94143at50557_246812_0:0036b8|STRG.330.1|+|42|4.051e-07|1|869|1138|869[869]:1138[1138]:270[270]
8582	264+1155	0	1352	1	94143at50557_319348_0:0040ff|STRG.1718.1|+|96|2.249e-23|1|264|1418|264[264]:1418[1418]:1155[1155]
8668	8+1482	0	1531	1	68076at50557_34740_0:002ced|STRG.3103.1|+|195|3.548e-53|1|8|1489|8[8]:1489[1489]:1482[1482]
8758	1232+768	0	799	1	42648at50557_217634_0:001f21|STRG.4617.4|+|49|3.165e-09|1|1232|1999|1232[1232]:1999[1999]:768[768]
8795	1379+180	0	177	1	60720at50557_7004_0:004a43|STRG.5243.1|+|36|2.593e-05|1|1379|1558|1379[1379]:1558[1558]:180[180]
8815	4092+591	0	445	1	10394at50557_7536_0:0020dc|STRG.5530.4|+|108|5.49e-27|1|4092|4682|4092[4092]:4682[4682]:591[591]
8961	1688+381	0	1094	1	60720at50557_1155016_0:0066e9|STRG.7934.4|+|32|0.0004148|1|1688|2068|1688[1688]:2068[2068]:381[381]
8963	2150+558	0	699	1	12555at50557_29031_0:000522|STRG.7966.1|+|51|7.912e-10|1|2150|2707|2150[2150]:2707[2707]:558[558]
8966	680+564	0	698	1	12555at50557_133901_0:0043f8|STRG.8013.2|+|78|5.895e-18|1|680|1243|680[680]:1243[1243]:564[564]
8999	325+1572	0	1352	1	94143at50557_319348_0:0040ff|STRG.8578.1|+|183|1.453e-49|1|325|1896|325[325]:1896[1896]:1572[1572]
9122	1092+522	0	382	1	73720at50557_7539_0:00343d|STRG.10523.8|+|121|6.702e-31|1|1092|1613|1092[1092]:1613[1613]:522[522]
9183	27+1335	0	1352	1	94143at50557_319348_0:0040ff|STRG.11547.1|+|93|1.799e-22|1|27|1361|27[27]:1361[1361]:1335[1335]
9216	386+1158	0	825	1	94143at50557_54969_0:002985|STRG.12097.2|+|79|2.947e-18|1|386|1543|386[386]:1543[1543]:1158[1158]
9321	1752+1068	0	1136	1	42648at50557_610380_0:000109|STRG.13708.2|+|33|0.0002074|1|1752|2819|1752[1752]:2819[2819]:1068[1068]
9450	203+150	0	177	1	60720at50557_7004_0:004a43|STRG.15750.7|+|37|1.296e-05|1|203|352|203[203]:352[352]:150[150]
9488	60+909	0	177	1	60720at50557_7004_0:004a43|STRG.16397.2|+|51|7.912e-10|2|60|968|60[60]:104[104]:45[45]|729[729]:968[968]:240[240]
9538	462+798	0	945	1	42648at50557_77166_0:0013a3|STRG.17135.5|+|35|5.185e-05|1|462|1259|462[462]:1259[1259]:798[798]
9554	825+270	0	437	1	94143at50557_246812_0:0036b8|STRG.330.2|+|42|4.051e-07|1|825|1094|825[825]:1094[1094]:270[270]
9728	274+1656	0	1531	1	68076at50557_34740_0:002ced|STRG.3104.1|+|263|1.202e-73|1|274|1929|274[274]:1929[1929]:1656[1656]
9818	918+768	0	799	1	42648at50557_217634_0:001f21|STRG.4617.5|+|49|3.165e-09|1|918|1685|918[918]:1685[1685]:768[768]
9845	817+315	0	1507	1	112821at50557_13037_0:0013d5|STRG.5080.3|+|32|0.0004148|1|817|1131|817[817]:1131[1131]:315[315]
9875	4092+591	0	445	1	10394at50557_7536_0:0020dc|STRG.5530.6|+|108|5.49e-27|1|4092|4682|4092[4092]:4682[4682]:591[591]
9882	331+324	0	443	1	10394at50557_38123_0:002dad|STRG.5646.2|+|44|1.013e-07|1|331|654|331[331]:654[654]:324[324]
10026	658+564	0	698	1	12555at50557_133901_0:0043f8|STRG.8013.3|+|78|5.895e-18|1|658|1221|658[658]:1221[1221]:564[564]
10198	290+1605	0	1531	1	68076at50557_34740_0:002ced|STRG.10805.2|+|240|1.008e-66|1|290|1894|290[290]:1894[1894]:1605[1605]
10265	31+540	0	457	1	12555at50557_28612_0:005596|STRG.11916.1|+|62|3.863e-13|1|31|570|31[31]:570[570]:540[540]
10309	0+588	0	580	1	83860at50557_34720_0:001eb2|STRG.12617.1|+|415|2.106e-119|1|0|587|0[0]:587[587]:588[588]
10510	402+150	0	177	1	60720at50557_7004_0:004a43|STRG.15750.8|+|37|1.296e-05|1|402|551|402[402]:551[551]:150[150]
10548	672+240	0	177	1	60720at50557_7004_0:004a43|STRG.16397.3|+|34|0.0001037|1|672|911|672[672]:911[911]:240[240]
10613	73+1176	0	728	1	94143at50557_286706_0:002f5f|STRG.330.3|+|97|1.124e-23|1|73|1248|73[73]:1248[1248]:1176[1176]
10618	2278+351	0	443	1	10394at50557_38123_0:002dad|STRG.411.3|+|57|1.236e-11|1|2278|2628|2278[2278]:2628[2628]:351[351]
10787	860+1728	0	1531	1	68076at50557_34740_0:002ced|STRG.3105.1|+|312|2.135e-88|1|860|2587|860[860]:2587[2587]:1728[1728]
10902	1046+762	0	622	1	73720at50557_108931_0:0048b3|STRG.5042.1|+|151|6.241e-40|1|1046|1807|1046[1046]:1807[1807]:762[762]
10933	3532+543	0	1370	1	12555at50557_197043_0:003291|STRG.5520.2|+|72|3.773e-16|1|3532|4074|3532[3532]:4074[4074]:543[543]
10934	4092+621	0	445	1	10394at50557_7536_0:0020dc|STRG.5530.7|+|109|2.745e-27|1|4092|4712|4092[4092]:4712[4712]:621[621]
10941	219+528	0	445	1	10394at50557_7536_0:0020dc|STRG.5646.1|+|56|2.472e-11|1|219|746|219[219]:746[746]:528[528]
11106	586+651	0	640	1	111718at50557_166361_0:0001eb|STRG.8396.2|+|32|0.0004148|1|586|1236|586[586]:1236[1236]:651[651]
11257	290+1605	0	1531	1	68076at50557_34740_0:002ced|STRG.10805.3|+|240|1.008e-66|1|290|1894|290[290]:1894[1894]:1605[1605]
11368	140+561	0	820	1	83860at50557_378494_0:0060f5|STRG.12618.1|+|172|2.976e-46|1|140|700|140[140]:700[700]:561[561]
11418	537+939	0	211	1	12555at50557_121225_0:000df9|STRG.13364.1|+|83|1.842e-19|1|537|1475|537[537]:1475[1475]:939[939]
11607	661+240	0	177	1	60720at50557_7004_0:004a43|STRG.16397.5|+|34|0.0001037|1|661|900|661[661]:900[900]:240[240]
11672	284+1116	0	193	1	94143at50557_40932_0:002d0f|STRG.331.2|+|95|4.497e-23|1|284|1399|284[284]:1399[1399]:1116[1116]
11760	524+1035	0	728	1	94143at50557_286706_0:002f5f|STRG.1721.1|+|83|1.842e-19|1|524|1558|524[524]:1558[1558]:1035[1035]
11846	494+1728	0	1531	1	68076at50557_34740_0:002ced|STRG.3105.2|+|312|2.135e-88|1|494|2221|494[494]:2221[2221]:1728[1728]
11906	510+900	0	1226	1	12555at50557_166423_0:002c53|STRG.4120.1|+|120|1.34e-30|1|510|1409|510[510]:1409[1409]:900[900]
11961	1046+762	0	622	1	73720at50557_108931_0:0048b3|STRG.5042.2|+|151|6.241e-40|1|1046|1807|1046[1046]:1807[1807]:762[762]
11992	4001+543	0	1370	1	12555at50557_197043_0:003291|STRG.5520.3|+|72|3.773e-16|1|4001|4543|4001[4001]:4543[4543]:543[543]
11993	4092+621	0	445	1	10394at50557_7536_0:0020dc|STRG.5530.8|+|109|2.745e-27|1|4092|4712|4092[4092]:4712[4712]:621[621]
12000	333+528	0	445	1	10394at50557_7536_0:0020dc|STRG.5646.3|+|56|2.472e-11|1|333|860|333[333]:860[860]:528[528]
12099	487+1059	0	728	1	94143at50557_286706_0:002f5f|STRG.7279.1|+|100|1.405e-24|1|487|1545|487[487]:1545[1545]:1059[1059]
12129	49+795	0	1226	1	12555at50557_166423_0:002c53|STRG.7789.1|+|96|2.249e-23|1|49|843|49[49]:843[843]:795[795]
12165	469+651	0	640	1	111718at50557_166361_0:0001eb|STRG.8396.3|+|32|0.0004148|1|469|1119|469[469]:1119[1119]:651[651]
12239	528+1032	0	1352	1	94143at50557_319348_0:0040ff|STRG.9547.1|+|83|1.842e-19|1|528|1559|528[528]:1559[1559]:1032[1032]
12268	1748+948	0	168	1	42648at50557_35570_0:00151e|STRG.10010.1|+|64|9.658e-14|1|1748|2695|1748[1748]:2695[2695]:948[948]
12316	603+1626	0	1531	1	68076at50557_34740_0:002ced|STRG.10805.4|+|216|1.692e-59|1|603|2228|603[603]:2228[2228]:1626[1626]
12427	347+635	0	820	1	83860at50557_378494_0:0060f5|STRG.12618.2|+|179|2.325e-48|2|347|981|347[347]:778[778]:432[432]|856[856]:981[981]:126[126]
12518	419+1074	0	1183	1	42648at50557_29053_0:001c61|STRG.13985.2|+|169|2.381e-45|1|419|1492|419[419]:1492[1492]:1074[1074]
12572	1092+240	0	177	1	60720at50557_7004_0:004a43|STRG.14843.1|+|37|1.296e-05|1|1092|1331|1092[1092]:1331[1331]:240[240]
12666	795+240	0	177	1	60720at50557_7004_0:004a43|STRG.16397.4|+|34|0.0001037|1|795|1034|795[795]:1034[1034]:240[240]
12731	172+1338	0	193	1	94143at50557_40932_0:002d0f|STRG.331.1|+|96|2.249e-23|1|172|1509|172[172]:1509[1509]:1338[1338]
12736	3382+357	0	443	1	10394at50557_38123_0:002dad|STRG.411.5|+|58|6.181e-12|1|3382|3738|3382[3382]:3738[3738]:357[357]
12905	839+1728	0	1531	1	68076at50557_34740_0:002ced|STRG.3105.3|+|312|2.135e-88|1|839|2566|839[839]:2566[2566]:1728[1728]
12907	578+699	0	364	1	42648at50557_38123_0:0026a7|STRG.3132.1|+|38|6.482e-06|1|578|1276|578[578]:1276[1276]:699[699]
12927	252+597	0	699	1	12555at50557_29031_0:000522|STRG.3463.1|+|73|1.886e-16|1|252|848|252[252]:848[848]:597[597]
12958	302+810	0	750	1	12555at50557_93721_0:0043db|STRG.4016.4|+|66|2.415e-14|1|302|1111|302[302]:1111[1111]:810[810]
12965	510+900	0	1226	1	12555at50557_166423_0:002c53|STRG.4120.2|+|120|1.34e-30|1|510|1409|510[510]:1409[1409]:900[900]
12980	1405+714	0	750	1	12555at50557_93721_0:0043db|STRG.4353.2|+|53|1.978e-10|1|1405|2118|1405[1405]:2118[2118]:714[714]
13020	1042+762	0	622	1	73720at50557_108931_0:0048b3|STRG.5042.3|+|151|6.241e-40|1|1042|1803|1042[1042]:1803[1803]:762[762]
13027	189+654	0	750	1	12555at50557_93721_0:0043db|STRG.5162.2|+|76|2.358e-17|1|189|842|189[189]:842[842]:654[654]
13051	4089+543	0	1370	1	12555at50557_197043_0:003291|STRG.5520.4|+|72|3.773e-16|1|4089|4631|4089[4089]:4631[4631]:543[543]
13059	801+585	0	445	1	10394at50557_7536_0:0020dc|STRG.5646.5|+|36|2.593e-05|1|801|1385|801[801]:1385[1385]:585[585]
13099	491+1356	0	292	1	94143at50557_7029_0:006933|STRG.6275.1|+|149|2.497e-39|1|491|1846|491[491]:1846[1846]:1356[1356]
13129	196+558	0	457	1	12555at50557_28612_0:005596|STRG.6774.5|+|89|2.878e-21|1|196|753|196[196]:753[753]:558[558]
13158	395+1158	0	728	1	94143at50557_286706_0:002f5f|STRG.7279.2|+|111|6.863e-28|1|395|1552|395[395]:1552[1552]:1158[1158]
13182	252+1527	0	1531	1	68076at50557_34740_0:002ced|STRG.7700.1|+|421|3.29e-121|1|252|1778|252[252]:1778[1778]:1527[1527]
13225	19+366	0	436	1	94143at50557_1218281_0:001751|STRG.8421.1|+|44|1.013e-07|1|19|384|19[19]:384[384]:366[366]
13327	2804+948	0	168	1	42648at50557_35570_0:00151e|STRG.10010.3|+|64|9.658e-14|1|2804|3751|2804[2804]:3751[3751]:948[948]
13375	290+1605	0	1531	1	68076at50557_34740_0:002ced|STRG.10805.5|+|240|1.008e-66|1|290|1894|290[290]:1894[1894]:1605[1605]
13385	1025+1170	0	211	1	12555at50557_121225_0:000df9|STRG.10972.1|+|142|3.196e-37|1|1025|2194|1025[1025]:2194[2194]:1170[1170]
13385	1826+1227	0	1226	1	12555at50557_166423_0:002c53|STRG.10972.1|+|153|1.56e-40|1|1826|3052|1826[1826]:3052[3052]:1227[1227]
13413	123+1242	0	823	1	94143at50557_13249_0:002e7e|STRG.11426.1|+|105|4.392e-26|1|123|1364|123[123]:1364[1364]:1242[1242]
13554	1575+1170	0	604	1	12555at50557_51655_0:003c27|STRG.13654.1|+|97|1.124e-23|1|1575|2744|1575[1575]:2744[2744]:1170[1170]
13566	119+1296	0	341	1	94143at50557_7038_0:001312|STRG.13819.1|+|102|3.514e-25|1|119|1414|119[119]:1414[1414]:1296[1296]
13577	516+1074	0	1183	1	42648at50557_29053_0:001c61|STRG.13985.1|+|169|2.381e-45|1|516|1589|516[516]:1589[1589]:1074[1074]
13631	1078+240	0	177	1	60720at50557_7004_0:004a43|STRG.14843.2|+|37|1.296e-05|1|1078|1317|1078[1078]:1317[1317]:240[240]
13723	3755+348	0	1467	1	12555at50557_378494_0:000ae9|STRG.16370.1|+|49|3.165e-09|1|3755|4102|3755[3755]:4102[4102]:348[348]
13725	204+937	0	177	1	60720at50557_7004_0:004a43|STRG.16397.6|+|51|7.912e-10|2|204|1140|204[204]:248[248]:45[45]|901[901]:1140[1140]:240[240]
13779	0+381	0	1483	1	68076at50557_34720_0:000015|STRG.110.1|+|265|3.005e-74|1|0|380|0[0]:380[380]:381[381]
13790	991+513	0	489	1	94143at50557_93721_0:002ec0|STRG.331.3|+|89|2.878e-21|1|991|1503|991[991]:1503[1503]:513[513]
13795	3612+351	0	443	1	10394at50557_38123_0:002dad|STRG.411.1|+|57|1.236e-11|1|3612|3962|3612[3612]:3962[3962]:351[351]
13935	810+228	0	1368	1	125046at50557_7038_0:002022|STRG.2638.1|+|32|0.0004148|1|810|1037|810[810]:1037[1037]:228[228]
13950	359+1650	0	1531	1	68076at50557_34740_0:002ced|STRG.2871.1|+|323|1.043e-91|1|359|2008|359[359]:2008[2008]:1650[1650]
13966	524+699	0	364	1	42648at50557_38123_0:0026a7|STRG.3132.2|+|38|6.482e-06|1|524|1222|524[524]:1222[1222]:699[699]
14024	621+900	0	1226	1	12555at50557_166423_0:002c53|STRG.4120.4|+|120|1.34e-30|1|621|1520|621[621]:1520[1520]:900[900]
14039	1372+669	0	211	1	12555at50557_121225_0:000df9|STRG.4353.3|+|58|6.181e-12|1|1372|2040|1372[1372]:2040[2040]:669[669]
14058	2487+162	0	177	1	60720at50557_7004_0:004a43|STRG.4693.3|+|36|2.593e-05|1|2487|2648|2487[2487]:2648[2648]:162[162]
14079	424+762	0	622	1	73720at50557_108931_0:0048b3|STRG.5042.4|+|151|6.241e-40|1|424|1185|424[424]:1185[1185]:762[762]
14081	410+1341	0	97	1	94143at50557_7536_0:002739|STRG.5083.1|+|89|2.878e-21|1|410|1750|410[410]:1750[1750]:1341[1341]
14086	701+687	0	750	1	12555at50557_93721_0:0043db|STRG.5162.1|+|76|2.358e-17|1|701|1387|701[701]:1387[1387]:687[687]
14110	3218+543	0	1370	1	12555at50557_197043_0:003291|STRG.5520.5|+|72|3.773e-16|1|3218|3760|3218[3218]:3760[3760]:543[543]
14118	219+528	0	445	1	10394at50557_7536_0:0020dc|STRG.5646.4|+|56|2.472e-11|1|219|746|219[219]:746[746]:528[528]
14158	563+1356	0	292	1	94143at50557_7029_0:006933|STRG.6275.2|+|149|2.497e-39|1|563|1918|563[563]:1918[1918]:1356[1356]
14188	196+558	0	457	1	12555at50557_28612_0:005596|STRG.6774.1|+|89|2.878e-21|1|196|753|196[196]:753[753]:558[558]
14217	409+493	0	1304	1	94143at50557_319348_0:0009e2|STRG.7279.3|+|51|7.912e-10|2|409|901|409[409]:666[666]:258[258]|791[794]:901[901]:111[108]
14284	377+1056	0	193	1	94143at50557_40932_0:002d0f|STRG.8421.2|+|81|7.369e-19|1|377|1432|377[377]:1432[1432]:1056[1056]
14306	337+468	0	691	1	111718at50557_88501_0:002846|STRG.8752.1|+|36|2.593e-05|1|337|804|337[337]:804[804]:468[468]
14362	6+306	0	358	1	12555at50557_121845_0:00419d|STRG.9634.2|+|55|4.945e-11|1|6|311|6[6]:311[311]:306[306]
14386	2804+948	0	168	1	42648at50557_35570_0:00151e|STRG.10010.4|+|64|9.658e-14|1|2804|3751|2804[2804]:3751[3751]:948[948]
14394	1575+198	0	177	1	60720at50557_7004_0:004a43|STRG.10133.3|+|46|2.532e-08|1|1575|1772|1575[1575]:1772[1772]:198[198]
14434	290+1605	0	1531	1	68076at50557_34740_0:002ced|STRG.10805.6|+|240|1.008e-66|1|290|1894|290[290]:1894[1894]:1605[1605]
14444	983+1170	0	211	1	12555at50557_121225_0:000df9|STRG.10972.2|+|142|3.196e-37|1|983|2152|983[983]:2152[2152]:1170[1170]
14444	1784+1227	0	1226	1	12555at50557_166423_0:002c53|STRG.10972.2|+|153|1.56e-40|1|1784|3010|1784[1784]:3010[3010]:1227[1227]
14466	692+783	0	698	1	12555at50557_133901_0:0043f8|STRG.11337.1|+|80|1.474e-18|1|692|1474|692[692]:1474[1474]:783[783]
14472	81+1329	0	823	1	94143at50557_13249_0:002e7e|STRG.11426.2|+|117|1.072e-29|1|81|1409|81[81]:1409[1409]:1329[1329]
14613	1465+1170	0	604	1	12555at50557_51655_0:003c27|STRG.13654.2|+|97|1.124e-23|1|1465|2634|1465[1465]:2634[2634]:1170[1170]
14625	195+1425	0	341	1	94143at50557_7038_0:001312|STRG.13819.2|+|109|2.745e-27|1|195|1619|195[195]:1619[1619]:1425[1425]
14690	977+240	0	177	1	60720at50557_7004_0:004a43|STRG.14843.3|+|37|1.296e-05|1|977|1216|977[977]:1216[1216]:240[240]
14782	2739+348	0	1467	1	12555at50557_378494_0:000ae9|STRG.16370.2|+|49|3.165e-09|1|2739|3086|2739[2739]:3086[3086]:348[348]
14854	3180+351	0	443	1	10394at50557_38123_0:002dad|STRG.411.6|+|57|1.236e-11|1|3180|3530|3180[3180]:3530[3530]:351[351]
14937	428+1182	0	293	1	94143at50557_79782_0:001eeb|STRG.1724.1|+|87|1.151e-20|1|428|1609|428[428]:1609[1609]:1182[1182]
14994	2028+228	0	1368	1	125046at50557_7038_0:002022|STRG.2638.2|+|32|0.0004148|1|2028|2255|2028[2028]:2255[2255]:228[228]
15004	3883+870	0	367	1	46955at50557_286706_0:002955|STRG.2795.1|+|32|0.0004148|1|3883|4752|3883[3883]:4752[4752]:870[870]
15023	995+1732	0	1531	1	68076at50557_34740_0:002ced|STRG.3106.1|+|309|1.708e-87|2|995|2726|995[995]:1315[1315]:321[321]|1542[1542]:2726[2726]:1185[1185]
15076	383+810	0	750	1	12555at50557_93721_0:0043db|STRG.4016.5|+|66|2.415e-14|1|383|1192|383[383]:1192[1192]:810[810]
15083	429+900	0	1226	1	12555at50557_166423_0:002c53|STRG.4120.5|+|120|1.34e-30|1|429|1328|429[429]:1328[1328]:900[900]
15117	1856+162	0	177	1	60720at50557_7004_0:004a43|STRG.4693.1|+|36|2.593e-05|1|1856|2017|1856[1856]:2017[2017]:162[162]
15138	444+762	0	622	1	73720at50557_108931_0:0048b3|STRG.5042.5|+|151|6.241e-40|1|444|1205|444[444]:1205[1205]:762[762]
15169	3290+543	0	1370	1	12555at50557_197043_0:003291|STRG.5520.6|+|72|3.773e-16|1|3290|3832|3290[3290]:3832[3832]:543[543]
15176	440+1083	0	728	1	94143at50557_286706_0:002f5f|STRG.5631.1|+|60|1.545e-12|1|440|1522|440[440]:1522[1522]:1083[1083]
15177	492+528	0	445	1	10394at50557_7536_0:0020dc|STRG.5646.6|+|56|2.472e-11|1|492|1019|492[492]:1019[1019]:528[528]
15217	382+1727	0	292	1	94143at50557_7029_0:006933|STRG.6275.4|+|152|3.121e-40|2|382|2108|382[382]:1440[1440]:1059[1059]|1824[1824]:2108[2108]:285[285]
15228	1532+819	0	394	1	10394at50557_378494_0:004c1b|STRG.6441.1|+|61|7.727e-13|1|1532|2350|1532[1532]:2350[2350]:819[819]
15247	196+558	0	457	1	12555at50557_28612_0:005596|STRG.6774.2|+|89|2.878e-21|1|196|753|196[196]:753[753]:558[558]
15343	377+1050	0	193	1	94143at50557_40932_0:002d0f|STRG.8421.3|+|81|7.369e-19|1|377|1426|377[377]:1426[1426]:1050[1050]
15445	781+948	0	168	1	42648at50557_35570_0:00151e|STRG.10010.5|+|64|9.658e-14|1|781|1728|781[781]:1728[1728]:948[948]
15458	669+636	0	992	1	42648at50557_56086_0:00394b|STRG.10216.1|+|41|8.102e-07|1|669|1304|669[669]:1304[1304]:636[636]
15473	377+423	0	1199	1	73720at50557_29031_0:000293|STRG.10458.1|+|72|3.773e-16|1|377|799|377[377]:799[799]:423[423]
15503	983+1170	0	211	1	12555at50557_121225_0:000df9|STRG.10972.3|+|142|3.196e-37|1|983|2152|983[983]:2152[2152]:1170[1170]
15503	1784+1227	0	1226	1	12555at50557_166423_0:002c53|STRG.10972.3|+|153|1.56e-40|1|1784|3010|1784[1784]:3010[3010]:1227[1227]
15531	225+378	0	1063	1	94143at50557_143948_0:002d19|STRG.11426.3|+|61|7.727e-13|1|225|602|225[225]:602[602]:378[378]
15550	1500+558	0	698	1	12555at50557_133901_0:0043f8|STRG.11748.1|+|97|1.124e-23|1|1500|2057|1500[1500]:2057[2057]:558[558]
15749	977+240	0	177	1	60720at50557_7004_0:004a43|STRG.14843.4|+|37|1.296e-05|1|977|1216|977[977]:1216[1216]:240[240]
15772	150+351	0	787	1	112821at50557_103372_0:000399|STRG.15224.1|+|228|4.13e-63|1|150|500|150[150]:500[500]:351[351]
15841	2781+348	0	1467	1	12555at50557_378494_0:000ae9|STRG.16370.3|+|49|3.165e-09|1|2781|3128|2781[2781]:3128[3128]:348[348]
15908	760+819	0	679	1	94143at50557_13164_0:001709|STRG.331.5|+|85|4.605e-20|1|760|1578|760[760]:1578[1578]:819[819]
15913	3177+351	0	443	1	10394at50557_38123_0:002dad|STRG.411.7|+|57|1.236e-11|1|3177|3527|3177[3177]:3527[3527]:351[351]
15996	499+1128	0	341	1	94143at50557_7038_0:001312|STRG.1725.1|+|87|1.151e-20|1|499|1626|499[499]:1626[1626]:1128[1128]
16030	356+1308	0	485	1	94143at50557_121845_0:0041d2|STRG.2268.1|+|85|4.605e-20|1|356|1663|356[356]:1663[1663]:1308[1308]
16063	3982+870	0	367	1	46955at50557_286706_0:002955|STRG.2795.2|+|32|0.0004148|1|3982|4851|3982[3982]:4851[4851]:870[870]
16082	785+1644	0	1531	1	68076at50557_34740_0:002ced|STRG.3106.2|+|325|2.607e-92|1|785|2428|785[785]:2428[2428]:1644[1644]
16135	494+810	0	750	1	12555at50557_93721_0:0043db|STRG.4016.6|+|66|2.415e-14|1|494|1303|494[494]:1303[1303]:810[810]
16142	429+900	0	1226	1	12555at50557_166423_0:002c53|STRG.4120.6|+|120|1.34e-30|1|429|1328|429[429]:1328[1328]:900[900]
16157	19+663	0	750	1	12555at50557_93721_0:0043db|STRG.4353.4|+|57|1.236e-11|1|19|681|19[19]:681[681]:663[663]
16176	1856+162	0	177	1	60720at50557_7004_0:004a43|STRG.4693.2|+|36|2.593e-05|1|1856|2017|1856[1856]:2017[2017]:162[162]
16197	444+762	0	622	1	73720at50557_108931_0:0048b3|STRG.5042.6|+|151|6.241e-40|1|444|1205|444[444]:1205[1205]:762[762]
16199	275+606	0	489	1	94143at50557_93721_0:002ec0|STRG.5085.1|+|49|3.165e-09|2|275|880|275[275]:544[544]:270[270]|662[662]:880[880]:219[219]
16235	273+1083	0	728	1	94143at50557_286706_0:002f5f|STRG.5631.2|+|60|1.545e-12|1|273|1355|273[273]:1355[1355]:1083[1083]
16236	546+528	0	445	1	10394at50557_7536_0:0020dc|STRG.5646.7|+|56|2.472e-11|1|546|1073|546[546]:1073[1073]:528[528]
16276	382+1356	0	292	1	94143at50557_7029_0:006933|STRG.6275.3|+|149|2.497e-39|1|382|1737|382[382]:1737[1737]:1356[1356]
16287	1011+1260	0	1165	1	10394at50557_52612_0:0049a4|STRG.6441.2|+|61|7.727e-13|1|1011|2270|1011[1011]:2270[2270]:1260[1260]
16306	196+558	0	457	1	12555at50557_28612_0:005596|STRG.6774.3|+|89|2.878e-21|1|196|753|196[196]:753[753]:558[558]
16402	411+363	0	436	1	94143at50557_1218281_0:001751|STRG.8421.4|+|42|4.051e-07|1|411|773|411[411]:773[773]:363[363]
16480	3+954	0	604	1	12555at50557_51655_0:003c27|STRG.9634.4|+|125|4.189e-32|1|3|956|3[3]:956[956]:954[954]
16517	673+636	0	992	1	42648at50557_56086_0:00394b|STRG.10216.2|+|41|8.102e-07|1|673|1308|673[673]:1308[1308]:636[636]
16532	374+423	0	1199	1	73720at50557_29031_0:000293|STRG.10458.2|+|72|3.773e-16|1|374|796|374[374]:796[796]:423[423]
16540	378+1020	0	604	1	12555at50557_51655_0:003c27|STRG.10596.1|+|145|3.995e-38|1|378|1397|378[378]:1397[1397]:1020[1020]
16562	906+1170	0	211	1	12555at50557_121225_0:000df9|STRG.10972.4|+|142|3.196e-37|1|906|2075|906[906]:2075[2075]:1170[1170]
16562	1707+1227	0	1226	1	12555at50557_166423_0:002c53|STRG.10972.4|+|153|1.56e-40|1|1707|2933|1707[1707]:2933[2933]:1227[1227]
16743	191+1425	0	341	1	94143at50557_7038_0:001312|STRG.13819.7|+|109|2.745e-27|1|191|1615|191[191]:1615[1615]:1425[1425]
16808	979+240	0	177	1	60720at50557_7004_0:004a43|STRG.14843.5|+|37|1.296e-05|1|979|1218|979[979]:1218[1218]:240[240]
16831	2+471	0	787	1	112821at50557_103372_0:000399|STRG.15224.2|+|309|1.708e-87|1|2|472|2[2]:472[472]:471[471]
17053	1234+156	0	177	1	60720at50557_7004_0:004a43|STRG.1680.1|+|32|0.0004148|1|1234|1389|1234[1234]:1389[1389]:156[156]
17122	3883+870	0	367	1	46955at50557_286706_0:002955|STRG.2795.3|+|32|0.0004148|1|3883|4752|3883[3883]:4752[4752]:870[870]
17125	2965+147	0	177	1	60720at50557_7004_0:004a43|STRG.2838.1|+|34|0.0001037|1|2965|3111|2965[2965]:3111[3111]:147[147]
17141	768+1596	0	1531	1	68076at50557_34740_0:002ced|STRG.3106.3|+|303|1.093e-85|1|768|2363|768[768]:2363[2363]:1596[1596]
17194	383+810	0	750	1	12555at50557_93721_0:0043db|STRG.4016.8|+|66|2.415e-14|1|383|1192|383[383]:1192[1192]:810[810]
17199	1792+159	0	177	1	60720at50557_7004_0:004a43|STRG.4095.1|+|33|0.0002074|1|1792|1950|1792[1792]:1950[1950]:159[159]
17206	305+1284	0	919	1	94143at50557_136037_0:0016b3|STRG.4193.1|+|100|1.405e-24|1|305|1588|305[305]:1588[1588]:1284[1284]
17235	1902+162	0	177	1	60720at50557_7004_0:004a43|STRG.4693.4|+|36|2.593e-05|1|1902|2063|1902[1902]:2063[2063]:162[162]
17258	223+1305	0	97	1	94143at50557_7536_0:002739|STRG.5086.1|+|96|2.249e-23|1|223|1527|223[223]:1527[1527]:1305[1305]
17335	227+612	0	95	1	94143at50557_378494_0:004903|STRG.6275.5|+|42|4.051e-07|1|227|838|227[227]:838[838]:612[612]
17346	1182+513	0	445	1	10394at50557_7536_0:0020dc|STRG.6441.3|+|82|3.684e-19|1|1182|1694|1182[1182]:1694[1694]:513[513]
17365	196+558	0	457	1	12555at50557_28612_0:005596|STRG.6774.4|+|89|2.878e-21|1|196|753|196[196]:753[753]:558[558]
17409	1296+255	0	177	1	60720at50557_7004_0:004a43|STRG.7543.1|+|42|4.051e-07|1|1296|1550|1296[1296]:1550[1550]:255[255]
17410	207+675	0	750	1	12555at50557_93721_0:0043db|STRG.7560.1|+|73|1.886e-16|1|207|881|207[207]:881[881]:675[675]
17461	384+1056	0	193	1	94143at50557_40932_0:002d0f|STRG.8421.5|+|89|2.878e-21|1|384|1439|384[384]:1439[1439]:1056[1056]
17576	655+636	0	992	1	42648at50557_56086_0:00394b|STRG.10216.3|+|41|8.102e-07|1|655|1290|655[655]:1290[1290]:636[636]
17591	469+423	0	1199	1	73720at50557_29031_0:000293|STRG.10458.4|+|72|3.773e-16|1|469|891|469[469]:891[891]:423[423]
17599	378+1020	0	604	1	12555at50557_51655_0:003c27|STRG.10596.2|+|145|3.995e-38|1|378|1397|378[378]:1397[1397]:1020[1020]
17753	1484+447	0	313	1	12555at50557_7536_0:00436b|STRG.13044.1|+|58|6.181e-12|1|1484|1930|1484[1484]:1930[1930]:447[447]
17768	434+1209	0	211	1	12555at50557_121225_0:000df9|STRG.13301.1|+|141|6.391e-37|1|434|1642|434[434]:1642[1642]:1209[1209]
17768	1274+1227	0	1226	1	12555at50557_166423_0:002c53|STRG.13301.1|+|138|5.113e-36|1|1274|2500|1274[1274]:2500[2500]:1227[1227]
17802	191+1395	0	341	1	94143at50557_7038_0:001312|STRG.13819.8|+|109|2.745e-27|1|191|1585|191[191]:1585[1585]:1395[1395]
17867	1100+240	0	177	1	60720at50557_7004_0:004a43|STRG.14843.6|+|37|1.296e-05|1|1100|1339|1100[1100]:1339[1339]:240[240]
17917	2102+738	0	457	1	12555at50557_28612_0:005596|STRG.15659.1|+|63|1.932e-13|1|2102|2839|2102[2102]:2839[2839]:738[738]
18034	770+249	0	177	1	60720at50557_7004_0:004a43|STRG.470.1|+|33|0.0002074|1|770|1018|770[770]:1018[1018]:249[249]
18112	1226+156	0	177	1	60720at50557_7004_0:004a43|STRG.1680.2|+|32|0.0004148|1|1226|1381|1226[1226]:1381[1381]:156[156]
18181	2562+870	0	367	1	46955at50557_286706_0:002955|STRG.2795.4|+|32|0.0004148|1|2562|3431|2562[2562]:3431[3431]:870[870]
18253	494+810	0	750	1	12555at50557_93721_0:0043db|STRG.4016.7|+|66|2.415e-14|1|494|1303|494[494]:1303[1303]:810[810]
18260	383+900	0	1226	1	12555at50557_166423_0:002c53|STRG.4120.8|+|120|1.34e-30|1|383|1282|383[383]:1282[1282]:900[900]
18265	259+729	0	825	1	94143at50557_54969_0:002985|STRG.4193.2|+|94|8.995e-23|1|259|987|259[259]:987[987]:729[729]
18294	1861+162	0	177	1	60720at50557_7004_0:004a43|STRG.4693.5|+|36|2.593e-05|1|1861|2022|1861[1861]:2022[2022]:162[162]
18405	1045+819	0	394	1	10394at50557_378494_0:004c1b|STRG.6441.4|+|61|7.727e-13|1|1045|1863|1045[1045]:1863[1863]:819[819]
18419	476+1131	0	751	1	42648at50557_211228_0:000656|STRG.6705.1|+|151|6.241e-40|1|476|1606|476[476]:1606[1606]:1131[1131]
18424	196+558	0	457	1	12555at50557_28612_0:005596|STRG.6774.6|+|89|2.878e-21|1|196|753|196[196]:753[753]:558[558]
18635	659+636	0	992	1	42648at50557_56086_0:00394b|STRG.10216.4|+|41|8.102e-07|1|659|1294|659[659]:1294[1294]:636[636]
18650	317+423	0	1199	1	73720at50557_29031_0:000293|STRG.10458.3|+|72|3.773e-16|1|317|739|317[317]:739[739]:423[423]
18658	378+1020	0	604	1	12555at50557_51655_0:003c27|STRG.10596.4|+|145|3.995e-38|1|378|1397|378[378]:1397[1397]:1020[1020]
18685	1093+546	0	313	1	12555at50557_7536_0:00436b|STRG.11041.1|+|76|2.358e-17|1|1093|1638|1093[1093]:1638[1638]:546[546]
18685	4465+1029	0	750	1	12555at50557_93721_0:0043db|STRG.11041.1|+|100|1.405e-24|1|4465|5493|4465[4465]:5493[5493]:1029[1029]
18685	454+1149	0	1226	1	12555at50557_166423_0:002c53|STRG.11041.1|+|123|1.675e-31|1|454|1602|454[454]:1602[1602]:1149[1149]
18727	242+486	0	1371	1	12555at50557_37001_0:000625|STRG.11748.2|+|50|1.582e-09|1|242|727|242[242]:727[727]:486[486]
18782	2288+762	0	849	1	42648at50557_7539_0:002d22|STRG.12630.1|+|88|5.757e-21|1|2288|3049|2288[2288]:3049[3049]:762[762]
18812	1282+447	0	313	1	12555at50557_7536_0:00436b|STRG.13044.2|+|58|6.181e-12|1|1282|1728|1282[1282]:1728[1728]:447[447]
18827	882+1164	0	211	1	12555at50557_121225_0:000df9|STRG.13301.5|+|138|5.113e-36|1|882|2045|882[882]:2045[2045]:1164[1164]
18926	795+240	0	177	1	60720at50557_7004_0:004a43|STRG.14843.7|+|37|1.296e-05|1|795|1034|795[795]:1034[1034]:240[240]
19090	2307+357	0	443	1	10394at50557_38123_0:002dad|STRG.411.13|+|58|6.181e-12|1|2307|2663|2307[2307]:2663[2663]:357[357]
19093	722+249	0	177	1	60720at50557_7004_0:004a43|STRG.470.2|+|33|0.0002074|1|722|970|722[722]:970[970]:249[249]
19196	2962+354	0	358	1	12555at50557_121845_0:00419d|STRG.2085.1|+|66|2.415e-14|1|2962|3315|2962[2962]:3315[3315]:354[354]
19207	30+1461	0	873	1	94143at50557_54969_0:00353b|STRG.2271.1|+|87|1.151e-20|1|30|1490|30[30]:1490[1490]:1461[1461]
19259	833+1647	0	1531	1	68076at50557_34740_0:002ced|STRG.3107.2|+|333|1.018e-94|1|833|2479|833[833]:2479[2479]:1647[1647]
19314	1255+927	0	1424	1	42648at50557_6973_0:00277a|STRG.4050.4|+|40|1.62e-06|1|1255|2181|1255[1255]:2181[2181]:927[927]
19353	1748+162	0	177	1	60720at50557_7004_0:004a43|STRG.4693.6|+|36|2.593e-05|1|1748|1909|1748[1748]:1909[1909]:162[162]
19453	137+606	0	489	1	94143at50557_93721_0:002ec0|STRG.6275.7|+|119|2.681e-30|1|137|742|137[137]:742[742]:606[606]
19478	355+1131	0	751	1	42648at50557_211228_0:000656|STRG.6705.2|+|151|6.241e-40|1|355|1485|355[355]:1485[1485]:1131[1131]
19694	680+636	0	992	1	42648at50557_56086_0:00394b|STRG.10216.5|+|41|8.102e-07|1|680|1315|680[680]:1315[1315]:636[636]
19709	314+423	0	1199	1	73720at50557_29031_0:000293|STRG.10458.5|+|72|3.773e-16|1|314|736|314[314]:736[736]:423[423]
19717	392+996	0	604	1	12555at50557_51655_0:003c27|STRG.10596.3|+|143|1.598e-37|1|392|1387|392[392]:1387[1387]:996[996]
19744	1568+546	0	313	1	12555at50557_7536_0:00436b|STRG.11041.2|+|76|2.358e-17|1|1568|2113|1568[1568]:2113[2113]:546[546]
19744	4940+1029	0	750	1	12555at50557_93721_0:0043db|STRG.11041.2|+|100|1.405e-24|1|4940|5968|4940[4940]:5968[5968]:1029[1029]
19744	929+1149	0	1226	1	12555at50557_166423_0:002c53|STRG.11041.2|+|123|1.675e-31|1|929|2077|929[929]:2077[2077]:1149[1149]
19786	91+486	0	1371	1	12555at50557_37001_0:000625|STRG.11748.3|+|50|1.582e-09|1|91|576|91[91]:576[576]:486[486]
19829	1756+675	0	393	1	10394at50557_197043_0:003f06|STRG.12463.1|+|52|3.956e-10|1|1756|2430|1756[1756]:2430[2430]:675[675]
19871	1187+447	0	313	1	12555at50557_7536_0:00436b|STRG.13044.3|+|58|6.181e-12|1|1187|1633|1187[1187]:1633[1633]:447[447]
19886	357+1209	0	211	1	12555at50557_121225_0:000df9|STRG.13301.2|+|141|6.391e-37|1|357|1565|357[357]:1565[1565]:1209[1209]
19886	1011+555	0	1467	1	12555at50557_378494_0:000ae9|STRG.13301.2|+|80|1.474e-18|1|1011|1565|1011[1011]:1565[1565]:555[555]
19887	265+192	0	177	1	60720at50557_7004_0:004a43|STRG.13317.1|+|40|1.62e-06|1|265|456|265[265]:456[456]:192[192]
19920	33+273	0	437	1	94143at50557_246812_0:0036b8|STRG.13820.1|+|45|5.064e-08|1|33|305|33[33]:305[305]:273[273]
19985	822+240	0	177	1	60720at50557_7004_0:004a43|STRG.14843.8|+|37|1.296e-05|1|822|1061|822[822]:1061[1061]:240[240]
20139	5605+831	0	699	1	12555at50557_29031_0:000522|STRG.256.1|+|79|2.947e-18|1|5605|6435|5605[5605]:6435[6435]:831[831]
20149	2965+357	0	443	1	10394at50557_38123_0:002dad|STRG.411.10|+|58|6.181e-12|1|2965|3321|2965[2965]:3321[3321]:357[357]
20152	871+249	0	177	1	60720at50557_7004_0:004a43|STRG.470.3|+|33|0.0002074|1|871|1119|871[871]:1119[1119]:249[249]
20162	1518+267	0	358	1	12555at50557_121845_0:00419d|STRG.602.3|+|58|6.181e-12|1|1518|1784|1518[1518]:1784[1784]:267[267]
20255	2954+354	0	358	1	12555at50557_121845_0:00419d|STRG.2085.2|+|66|2.415e-14|1|2954|3307|2954[2954]:3307[3307]:354[354]
20318	640+1647	0	1531	1	68076at50557_34740_0:002ced|STRG.3107.3|+|333|1.018e-94|1|640|2286|640[640]:2286[2286]:1647[1647]
20373	1275+927	0	1424	1	42648at50557_6973_0:00277a|STRG.4050.2|+|40|1.62e-06|1|1275|2201|1275[1275]:2201[2201]:927[927]
20412	1805+162	0	177	1	60720at50557_7004_0:004a43|STRG.4693.7|+|36|2.593e-05|1|1805|1966|1805[1805]:1966[1966]:162[162]
20453	761+1362	0	1351	1	94143at50557_166361_0:003646|STRG.5345.1|+|128|5.236e-33|1|761|2122|761[761]:2122[2122]:1362[1362]
20575	68+1332	0	293	1	94143at50557_79782_0:001eeb|STRG.7357.1|+|216|1.692e-59|1|68|1399|68[68]:1399[1399]:1332[1332]
20731	518+1023	0	1352	1	94143at50557_319348_0:0040ff|STRG.9869.1|+|85|4.605e-20|1|518|1540|518[518]:1540[1540]:1023[1023]
20783	125+156	0	177	1	60720at50557_7004_0:004a43|STRG.10715.1|+|34|0.0001037|1|125|280|125[125]:280[280]:156[156]
20846	1191+195	0	177	1	60720at50557_7004_0:004a43|STRG.11766.1|+|36|2.593e-05|1|1191|1385|1191[1191]:1385[1385]:195[195]
20888	1642+675	0	393	1	10394at50557_197043_0:003f06|STRG.12463.2|+|52|3.956e-10|1|1642|2316|1642[1642]:2316[2316]:675[675]
20930	1037+447	0	313	1	12555at50557_7536_0:00436b|STRG.13044.4|+|58|6.181e-12|1|1037|1483|1037[1037]:1483[1483]:447[447]
20945	357+1209	0	211	1	12555at50557_121225_0:000df9|STRG.13301.4|+|141|6.391e-37|1|357|1565|357[357]:1565[1565]:1209[1209]
20945	1197+1227	0	1226	1	12555at50557_166423_0:002c53|STRG.13301.4|+|138|5.113e-36|1|1197|2423|1197[1197]:2423[2423]:1227[1227]
20989	1193+1206	0	604	1	12555at50557_51655_0:003c27|STRG.13970.1|+|141|6.391e-37|1|1193|2398|1193[1193]:2398[2398]:1206[1206]
20989	110+1215	0	1226	1	12555at50557_166423_0:002c53|STRG.13970.1|+|120|1.34e-30|1|110|1324|110[110]:1324[1324]:1215[1215]
21021	285+1215	0	1352	1	94143at50557_319348_0:0040ff|STRG.14486.1|+|98|5.622e-24|1|285|1499|285[285]:1499[1499]:1215[1215]
21084	851+261	0	1126	1	125046at50557_110193_0:00198e|STRG.15519.1|+|34|0.0001037|1|851|1111|851[851]:1111[1111]:261[261]
21139	237+1734	0	1531	1	68076at50557_34740_0:002ced|STRG.16422.2|+|284|5.732e-80|1|237|1970|237[237]:1970[1970]:1734[1734]
21180	1388+153	0	177	1	60720at50557_7004_0:004a43|STRG.17002.1|+|38|6.482e-06|1|1388|1540|1388[1388]:1540[1540]:153[153]
21201	208+162	0	1272	1	125046at50557_6973_0:005bd1|STRG.304.1|+|67|1.207e-14|1|208|369|208[208]:369[369]:162[162]
21208	3177+357	0	443	1	10394at50557_38123_0:002dad|STRG.411.11|+|58|6.181e-12|1|3177|3533|3177[3177]:3533[3533]:357[357]
21211	1219+249	0	177	1	60720at50557_7004_0:004a43|STRG.470.4|+|33|0.0002074|1|1219|1467|1219[1219]:1467[1467]:249[249]
21221	1530+267	0	358	1	12555at50557_121845_0:00419d|STRG.602.1|+|58|6.181e-12|1|1530|1796|1530[1530]:1796[1796]:267[267]
21314	2551+354	0	358	1	12555at50557_121845_0:00419d|STRG.2085.3|+|66|2.415e-14|1|2551|2904|2551[2551]:2904[2904]:354[354]
21377	299+1653	0	1531	1	68076at50557_34740_0:002ced|STRG.3108.1|+|323|1.043e-91|1|299|1951|299[299]:1951[1951]:1653[1653]
21428	7767+144	0	177	1	60720at50557_7004_0:004a43|STRG.3979.1|+|34|0.0001037|1|7767|7910|7767[7767]:7910[7910]:144[144]
21432	1275+927	0	1424	1	42648at50557_6973_0:00277a|STRG.4050.3|+|40|1.62e-06|1|1275|2201|1275[1275]:2201[2201]:927[927]
21512	53+1269	0	585	1	94143at50557_45779_0:002f0b|STRG.5345.2|+|121|6.702e-31|1|53|1321|53[53]:1321[1321]:1269[1269]
21625	601+615	0	1370	1	12555at50557_197043_0:003291|STRG.7205.3|+|76|2.358e-17|1|601|1215|601[601]:1215[1215]:615[615]
21634	84+1437	0	293	1	94143at50557_79782_0:001eeb|STRG.7357.2|+|220|1.057e-60|1|84|1520|84[84]:1520[1520]:1437[1437]
21750	2838+777	0	846	1	42648at50557_104421_0:001a18|STRG.9221.4|+|33|0.0002074|1|2838|3614|2838[2838]:3614[3614]:777[777]
21947	1820+675	0	393	1	10394at50557_197043_0:003f06|STRG.12463.3|+|52|3.956e-10|1|1820|2494|1820[1820]:2494[2494]:675[675]
21980	2431+588	0	445	1	10394at50557_7536_0:0020dc|STRG.12943.2|+|64|9.658e-14|1|2431|3018|2431[2431]:3018[3018]:588[588]
21989	1246+447	0	313	1	12555at50557_7536_0:00436b|STRG.13044.5|+|58|6.181e-12|1|1246|1692|1246[1246]:1692[1692]:447[447]
22004	357+1209	0	211	1	12555at50557_121225_0:000df9|STRG.13301.3|+|141|6.391e-37|1|357|1565|357[357]:1565[1565]:1209[1209]
22004	1197+1227	0	1226	1	12555at50557_166423_0:002c53|STRG.13301.3|+|138|5.113e-36|1|1197|2423|1197[1197]:2423[2423]:1227[1227]
22021	2915+171	0	177	1	60720at50557_7004_0:004a43|STRG.13577.1|+|55|4.945e-11|1|2915|3085|2915[2915]:3085[3085]:171[171]
22038	360+1425	0	341	1	94143at50557_7038_0:001312|STRG.13819.10|+|109|2.745e-27|1|360|1784|360[360]:1784[1784]:1425[1425]
22048	1160+1206	0	604	1	12555at50557_51655_0:003c27|STRG.13970.2|+|141|6.391e-37|1|1160|2365|1160[1160]:2365[2365]:1206[1206]
22048	1517+837	0	698	1	12555at50557_133901_0:0043f8|STRG.13970.2|+|104|8.784e-26|1|1517|2353|1517[1517]:2353[2353]:837[837]
22143	801+261	0	1126	1	125046at50557_110193_0:00198e|STRG.15519.2|+|34|0.0001037|1|801|1061|801[801]:1061[1061]:261[261]
22198	355+1734	0	1531	1	68076at50557_34740_0:002ced|STRG.16422.1|+|284|5.732e-80|1|355|2088|355[355]:2088[2088]:1734[1734]
22260	413+150	0	1272	1	125046at50557_6973_0:005bd1|STRG.304.2|+|67|1.207e-14|1|413|562|413[413]:562[562]:150[150]
22267	3272+351	0	443	1	10394at50557_38123_0:002dad|STRG.411.14|+|57|1.236e-11|1|3272|3622|3272[3272]:3622[3622]:351[351]
22280	1565+267	0	358	1	12555at50557_121845_0:00419d|STRG.602.2|+|58|6.181e-12|1|1565|1831|1565[1565]:1831[1831]:267[267]
22429	535+915	0	1338	1	68076at50557_133901_0:002612|STRG.2985.1|+|168|4.762e-45|1|535|1449|535[535]:1449[1449]:915[915]
22491	1424+927	0	1424	1	42648at50557_6973_0:00277a|STRG.4050.5|+|40|1.62e-06|1|1424|2350|1424[1424]:2350[2350]:927[927]
22684	619+615	0	1370	1	12555at50557_197043_0:003291|STRG.7205.5|+|76|2.358e-17|1|619|1233|619[619]:1233[1233]:615[615]
22693	350+303	0	436	1	94143at50557_1218281_0:001751|STRG.7357.3|+|69|3.018e-15|1|350|652|350[350]:652[652]:303[303]
22963	183+486	0	1371	1	12555at50557_37001_0:000625|STRG.11748.4|+|50|1.582e-09|1|183|668|183[183]:668[668]:486[486]
23004	255+399	0	313	1	12555at50557_7536_0:00436b|STRG.12435.3|+|46|2.532e-08|1|255|653|255[255]:653[653]:399[399]
23006	1515+675	0	393	1	10394at50557_197043_0:003f06|STRG.12463.4|+|51|7.912e-10|1|1515|2189|1515[1515]:2189[2189]:675[675]
23038	1276+321	0	1238	1	60720at50557_1218281_0:000819|STRG.12919.2|+|36|2.593e-05|1|1276|1596|1276[1276]:1596[1596]:321[321]
23039	3847+588	0	445	1	10394at50557_7536_0:0020dc|STRG.12943.3|+|64|9.658e-14|1|3847|4434|3847[3847]:4434[4434]:588[588]
23063	351+1209	0	211	1	12555at50557_121225_0:000df9|STRG.13301.6|+|141|6.391e-37|1|351|1559|351[351]:1559[1559]:1209[1209]
23063	1191+1227	0	1226	1	12555at50557_166423_0:002c53|STRG.13301.6|+|138|5.113e-36|1|1191|2417|1191[1191]:2417[2417]:1227[1227]
23080	2940+171	0	177	1	60720at50557_7004_0:004a43|STRG.13577.2|+|55|4.945e-11|1|2940|3110|2940[2940]:3110[3110]:171[171]
23097	276+1425	0	341	1	94143at50557_7038_0:001312|STRG.13819.11|+|109|2.745e-27|1|276|1700|276[276]:1700[1700]:1425[1425]
23107	1193+1197	0	604	1	12555at50557_51655_0:003c27|STRG.13970.3|+|138|5.113e-36|1|1193|2389|1193[1193]:2389[2389]:1197[1197]
23107	110+1215	0	1226	1	12555at50557_166423_0:002c53|STRG.13970.3|+|120|1.34e-30|1|110|1324|110[110]:1324[1324]:1215[1215]
23257	1558-1557	0	1531	-1	68076at50557_34740_0:002ced|STRG.16423.1|-|247|7.878e-69|1|2|1558|1558[1558]:2[2]:1557[1557]
23319	280+150	0	1272	1	125046at50557_6973_0:005bd1|STRG.304.3|+|67|1.207e-14|1|280|429|280[280]:429[429]:150[150]
23326	3655+357	0	443	1	10394at50557_38123_0:002dad|STRG.411.9|+|58|6.181e-12|1|3655|4011|3655[3655]:4011[4011]:357[357]
23339	1518+267	0	358	1	12555at50557_121845_0:00419d|STRG.602.5|+|58|6.181e-12|1|1518|1784|1518[1518]:1784[1784]:267[267]
23345	151+1395	0	488	1	94143at50557_7130_0:00208a|STRG.695.1|+|93|1.799e-22|1|151|1545|151[151]:1545[1545]:1395[1395]
23409	471+1068	0	825	1	94143at50557_54969_0:002985|STRG.1731.1|+|91|7.196e-22|1|471|1538|471[471]:1538[1538]:1068[1068]
23495	278+1647	0	1531	1	68076at50557_34740_0:002ced|STRG.3110.1|+|296|1.399e-83|1|278|1924|278[278]:1924[1924]:1647[1647]
23743	570+615	0	1370	1	12555at50557_197043_0:003291|STRG.7205.7|+|77|1.179e-17|1|570|1184|570[570]:1184[1184]:615[615]
23756	1270+807	0	167	1	42648at50557_133901_0:00203b|STRG.7431.1|+|69|3.018e-15|1|1270|2076|1270[1270]:2076[2076]:807[807]
23868	2921+777	0	846	1	42648at50557_104421_0:001a18|STRG.9221.2|+|33|0.0002074|1|2921|3697|2921[2921]:3697[3697]:777[777]
24022	194+486	0	1371	1	12555at50557_37001_0:000625|STRG.11748.5|+|50|1.582e-09|1|194|679|194[194]:679[679]:486[486]
24063	1191+399	0	313	1	12555at50557_7536_0:00436b|STRG.12435.2|+|46|2.532e-08|1|1191|1589|1191[1191]:1589[1589]:399[399]
24104	1538+711	0	462	1	42648at50557_411798_0:002607|STRG.13015.2|+|32|0.0004148|1|1538|2248|1538[1538]:2248[2248]:711[711]
24122	420+1209	0	211	1	12555at50557_121225_0:000df9|STRG.13301.7|+|141|6.391e-37|1|420|1628|420[420]:1628[1628]:1209[1209]
24122	1260+1227	0	1226	1	12555at50557_166423_0:002c53|STRG.13301.7|+|138|5.113e-36|1|1260|2486|1260[1260]:2486[2486]:1227[1227]
24139	2666+171	0	177	1	60720at50557_7004_0:004a43|STRG.13577.6|+|55|4.945e-11|1|2666|2836|2666[2666]:2836[2836]:171[171]
24215	473+438	0	428	1	73720at50557_197043_0:001370|STRG.14767.2|+|129|2.618e-33|1|473|910|473[473]:910[910]:438[438]
24306	455+1419	0	341	1	94143at50557_7038_0:001312|STRG.16271.1|+|95|4.497e-23|1|455|1873|455[455]:1873[1873]:1419[1419]
24378	831+150	0	1272	1	125046at50557_6973_0:005bd1|STRG.304.4|+|67|1.207e-14|1|831|980|831[831]:980[980]:150[150]
24398	1601+267	0	358	1	12555at50557_121845_0:00419d|STRG.602.4|+|58|6.181e-12|1|1601|1867|1601[1601]:1867[1867]:267[267]
24404	283+1311	0	679	1	94143at50557_13164_0:001709|STRG.696.1|+|103|1.757e-25|1|283|1593|283[283]:1593[1593]:1311[1311]
24532	1889+234	0	177	1	60720at50557_7004_0:004a43|STRG.2757.1|+|33|0.0002074|1|1889|2122|1889[1889]:2122[2122]:234[234]
24554	278+1491	0	1531	1	68076at50557_34740_0:002ced|STRG.3110.2|+|263|1.202e-73|1|278|1768|278[278]:1768[1768]:1491[1491]
24802	601+615	0	1370	1	12555at50557_197043_0:003291|STRG.7205.6|+|77|1.179e-17|1|601|1215|601[601]:1215[1215]:615[615]
24962	209+1559	0	1217	1	111718at50557_520822_0:002278|STRG.9785.3|+|747|2.407e-219|2|209|1767|209[209]:814[814]:606[606]|1189[1189]:1767[1767]:579[579]
25011	3418+783	0	993	1	42648at50557_79782_0:002822|STRG.10582.1|+|44|1.013e-07|1|3418|4200|3418[3418]:4200[4200]:783[783]
25122	1356+399	0	313	1	12555at50557_7536_0:00436b|STRG.12435.1|+|46|2.532e-08|1|1356|1754|1356[1356]:1754[1754]:399[399]
25163	1496+711	0	462	1	42648at50557_411798_0:002607|STRG.13015.3|+|32|0.0004148|1|1496|2206|1496[1496]:2206[2206]:711[711]
25198	3159+171	0	177	1	60720at50557_7004_0:004a43|STRG.13577.5|+|55|4.945e-11|1|3159|3329|3159[3159]:3329[3329]:171[171]
25215	0+1176	0	825	1	94143at50557_54969_0:002985|STRG.13819.13|+|93|1.799e-22|1|0|1175|0[0]:1175[1175]:1176[1176]
25463	498+1311	0	679	1	94143at50557_13164_0:001709|STRG.696.2|+|103|1.757e-25|1|498|1808|498[498]:1808[1808]:1311[1311]
25592	345+1107	0	728	1	94143at50557_286706_0:002f5f|STRG.2768.1|+|78|5.895e-18|1|345|1451|345[345]:1451[1451]:1107[1107]
25634	4773+372	0	1509	1	112821at50557_7176_0:000df3|STRG.3453.1|+|34|0.0001037|1|4773|5144|4773[4773]:5144[5144]:372[372]
25777	3552+1113	0	604	1	12555at50557_51655_0:003c27|STRG.5801.5|+|156|1.95e-41|1|3552|4664|3552[3552]:4664[4664]:1113[1113]
25980	128+423	0	313	1	12555at50557_7536_0:00436b|STRG.9129.1|+|58|6.181e-12|1|128|550|128[128]:550[550]:423[423]
26039	382+531	0	1360	1	111718at50557_286706_0:0013ce|STRG.10086.2|+|34|0.0001037|1|382|912|382[382]:912[912]:531[531]
26070	3479+783	0	993	1	42648at50557_79782_0:002822|STRG.10582.4|+|44|1.013e-07|1|3479|4261|3479[3479]:4261[4261]:783[783]
26181	1162+399	0	313	1	12555at50557_7536_0:00436b|STRG.12435.5|+|46|2.532e-08|1|1162|1560|1162[1162]:1560[1560]:399[399]
26222	1538+711	0	462	1	42648at50557_411798_0:002607|STRG.13015.4|+|32|0.0004148|1|1538|2248|1538[1538]:2248[2248]:711[711]
26257	3966+171	0	177	1	60720at50557_7004_0:004a43|STRG.13577.7|+|55|4.945e-11|1|3966|4136|3966[3966]:4136[4136]:171[171]
26274	383+1404	0	1064	1	94143at50557_307491_0:000794|STRG.13821.1|+|122|3.351e-31|1|383|1786|383[383]:1786[1786]:1404[1404]
26358	1+822	0	1226	1	12555at50557_166423_0:002c53|STRG.15159.1|+|529|1.014e-153|1|1|822|1[1]:822[822]:822[822]
26506	1578+147	0	177	1	60720at50557_7004_0:004a43|STRG.475.1|+|32|0.0004148|1|1578|1724|1578[1578]:1724[1724]:147[147]
26520	193+540	0	489	1	94143at50557_93721_0:002ec0|STRG.660.2|+|87|1.151e-20|1|193|732|193[193]:732[732]:540[540]
26556	299+1437	0	1352	1	94143at50557_319348_0:0040ff|STRG.1204.1|+|255|3.077e-71|1|299|1735|299[299]:1735[1735]:1437[1437]
26650	1253+159	0	177	1	60720at50557_7004_0:004a43|STRG.2757.11|+|35|5.185e-05|1|1253|1411|1253[1253]:1411[1411]:159[159]
26693	4773+372	0	1509	1	112821at50557_7176_0:000df3|STRG.3453.2|+|34|0.0001037|1|4773|5144|4773[4773]:5144[5144]:372[372]
26732	180+1467	0	1352	1	94143at50557_319348_0:0040ff|STRG.4123.2|+|304|5.466e-86|1|180|1646|180[180]:1646[1646]:1467[1467]
26792	580+999	0	1197	1	68076at50557_7460_0:001383|STRG.5134.1|+|164|7.619e-44|1|580|1578|580[580]:1578[1578]:999[999]
26836	3552+1113	0	604	1	12555at50557_51655_0:003c27|STRG.5801.1|+|156|1.95e-41|1|3552|4664|3552[3552]:4664[4664]:1113[1113]
26877	1473+819	0	394	1	10394at50557_378494_0:004c1b|STRG.6441.7|+|61|7.727e-13|1|1473|2291|1473[1473]:2291[2291]:819[819]
27098	398+531	0	1360	1	111718at50557_286706_0:0013ce|STRG.10086.1|+|34|0.0001037|1|398|928|398[398]:928[928]:531[531]
27156	745+390	0	1467	1	12555at50557_378494_0:000ae9|STRG.11031.1|+|62|3.863e-13|1|745|1134|745[745]:1134[1134]:390[390]
27240	1646+399	0	313	1	12555at50557_7536_0:00436b|STRG.12435.4|+|46|2.532e-08|1|1646|2044|1646[1646]:2044[2044]:399[399]
27281	1544+711	0	462	1	42648at50557_411798_0:002607|STRG.13015.1|+|32|0.0004148|1|1544|2254|1544[1544]:2254[2254]:711[711]
27316	3098+171	0	177	1	60720at50557_7004_0:004a43|STRG.13577.3|+|55|4.945e-11|1|3098|3268|3098[3098]:3268[3268]:171[171]
27333	880+1062	0	920	1	94143at50557_30019_0:0017d7|STRG.13821.2|+|100|1.405e-24|1|880|1941|880[880]:1941[1941]:1062[1062]
27417	2+2976	0	1129	1	12555at50557_103372_0:002457|STRG.15160.1|+|1726|0|1|2|2977|2[2]:2977[2977]:2976[2976]
27533	712+690	0	748	1	12555at50557_52612_0:004446|STRG.16986.1|+|55|4.945e-11|1|712|1401|712[712]:1401[1401]:690[690]
27565	1362+147	0	177	1	60720at50557_7004_0:004a43|STRG.475.2|+|32|0.0004148|1|1362|1508|1362[1362]:1508[1508]:147[147]
27579	16+1020	0	1064	1	94143at50557_307491_0:000794|STRG.660.1|+|92|3.598e-22|1|16|1035|16[16]:1035[1035]:1020[1020]
27608	765+852	0	1518	1	42648at50557_13037_0:0024fd|STRG.1096.1|+|49|3.165e-09|1|765|1616|765[765]:1616[1616]:852[852]
27615	219+1437	0	1352	1	94143at50557_319348_0:0040ff|STRG.1204.2|+|255|3.077e-71|1|219|1655|219[219]:1655[1655]:1437[1437]
27752	709+372	0	1509	1	112821at50557_7176_0:000df3|STRG.3453.3|+|34|0.0001037|1|709|1080|709[709]:1080[1080]:372[372]
27791	614+1467	0	1352	1	94143at50557_319348_0:0040ff|STRG.4123.1|+|304|5.466e-86|1|614|2080|614[614]:2080[2080]:1467[1467]
27856	459+366	0	1455	1	111718at50557_121225_0:001275|STRG.5219.1|+|36|2.593e-05|1|459|824|459[459]:824[824]:366[366]
27862	270+1293	0	1352	1	94143at50557_319348_0:0040ff|STRG.5298.1|+|93|1.799e-22|1|270|1562|270[270]:1562[1562]:1293[1293]
27895	3552+1113	0	604	1	12555at50557_51655_0:003c27|STRG.5801.2|+|156|1.95e-41|1|3552|4664|3552[3552]:4664[4664]:1113[1113]
28188	130+783	0	993	1	42648at50557_79782_0:002822|STRG.10582.5|+|44|1.013e-07|1|130|912|130[130]:912[912]:783[783]
28215	614+582	0	1370	1	12555at50557_197043_0:003291|STRG.11031.3|+|72|3.773e-16|1|614|1195|614[614]:1195[1195]:582[582]
28299	767+399	0	313	1	12555at50557_7536_0:00436b|STRG.12435.6|+|46|2.532e-08|1|767|1165|767[767]:1165[1165]:399[399]
28340	492+711	0	462	1	42648at50557_411798_0:002607|STRG.13015.5|+|32|0.0004148|1|492|1202|492[492]:1202[1202]:711[711]
28375	3523+171	0	177	1	60720at50557_7004_0:004a43|STRG.13577.4|+|55|4.945e-11|1|3523|3693|3523[3523]:3693[3693]:171[171]
28624	1090+147	0	177	1	60720at50557_7004_0:004a43|STRG.475.3|+|32|0.0004148|1|1090|1236|1090[1090]:1236[1236]:147[147]
28647	26+885	0	146	1	94143at50557_7539_0:002065|STRG.805.1|+|37|1.296e-05|1|26|910|26[26]:910[910]:885[885]
28674	303+1336	0	825	1	94143at50557_54969_0:002985|STRG.1204.3|+|238|4.033e-66|2|303|1638|303[303]:527[527]:225[225]|556[556]:1638[1638]:1083[1083]
28686	312+1284	0	1064	1	94143at50557_307491_0:000794|STRG.1389.2|+|92|3.598e-22|1|312|1595|312[312]:1595[1595]:1284[1284]
28768	1622+237	0	177	1	60720at50557_7004_0:004a43|STRG.2757.5|+|32|0.0004148|1|1622|1858|1622[1622]:1858[1858]:237[237]
28783	442+1419	0	873	1	94143at50557_54969_0:00353b|STRG.2988.1|+|75|4.716e-17|1|442|1860|442[442]:1860[1860]:1419[1419]
28921	284+1293	0	1352	1	94143at50557_319348_0:0040ff|STRG.5298.2|+|93|1.799e-22|1|284|1576|284[284]:1576[1576]:1293[1293]
28954	3552+1113	0	604	1	12555at50557_51655_0:003c27|STRG.5801.3|+|156|1.95e-41|1|3552|4664|3552[3552]:4664[4664]:1113[1113]
28995	468+513	0	445	1	10394at50557_7536_0:0020dc|STRG.6441.9|+|82|3.684e-19|1|468|980|468[468]:980[980]:513[513]
29106	2220+1296	0	211	1	12555at50557_121225_0:000df9|STRG.8358.1|+|95|4.497e-23|1|2220|3515|2220[2220]:3515[3515]:1296[1296]
29151	797+702	0	825	1	94143at50557_54969_0:002985|STRG.9040.1|+|86|2.303e-20|1|797|1498|797[797]:1498[1498]:702[702]
29274	614+582	0	1370	1	12555at50557_197043_0:003291|STRG.11031.2|+|72|3.773e-16|1|614|1195|614[614]:1195[1195]:582[582]
29451	126+564	0	489	1	94143at50557_93721_0:002ec0|STRG.13823.1|+|103|1.757e-25|1|126|689|126[126]:689[689]:564[564]
29544	659+231	0	177	1	60720at50557_7004_0:004a43|STRG.15302.1|+|31|0.0008296|1|659|889|659[659]:889[889]:231[231]
29670	6410+831	0	699	1	12555at50557_29031_0:000522|STRG.256.4|+|79|2.947e-18|1|6410|7240|6410[6410]:7240[7240]:831[831]
29683	1226+147	0	177	1	60720at50557_7004_0:004a43|STRG.475.5|+|32|0.0004148|1|1226|1372|1226[1226]:1372[1372]:147[147]
29721	502+831	0	495	1	111718at50557_143995_0:000c16|STRG.1019.1|+|79|2.947e-18|1|502|1332|502[502]:1332[1332]:831[831]
29745	318+1284	0	1064	1	94143at50557_307491_0:000794|STRG.1389.1|+|92|3.598e-22|1|318|1601|318[318]:1601[1601]:1284[1284]
29842	865+1170	0	873	1	94143at50557_54969_0:00353b|STRG.2988.2|+|72|3.773e-16|1|865|2034|865[865]:2034[2034]:1170[1170]
29967	1355+735	0	1362	1	111718at50557_7237_0:00030b|STRG.5107.3|+|44|1.013e-07|1|1355|2089|1355[1355]:2089[2089]:735[735]
29993	485+1647	0	1531	1	68076at50557_34740_0:002ced|STRG.5500.1|+|324|5.213e-92|1|485|2131|485[485]:2131[2131]:1647[1647]
30013	3552+1113	0	604	1	12555at50557_51655_0:003c27|STRG.5801.4|+|156|1.95e-41|1|3552|4664|3552[3552]:4664[4664]:1113[1113]
30054	369+819	0	394	1	10394at50557_378494_0:004c1b|STRG.6441.10|+|61|7.727e-13|1|369|1187|369[369]:1187[1187]:819[819]
30099	1109+765	0	457	1	12555at50557_28612_0:005596|STRG.7245.1|+|66|2.415e-14|1|1109|1873|1109[1109]:1873[1873]:765[765]
30165	1898+1296	0	211	1	12555at50557_121225_0:000df9|STRG.8358.2|+|95|4.497e-23|1|1898|3193|1898[1898]:3193[3193]:1296[1296]
30210	428+1041	0	825	1	94143at50557_54969_0:002985|STRG.9041.1|+|86|2.303e-20|1|428|1468|428[428]:1468[1468]:1041[1041]
30333	388+582	0	1370	1	12555at50557_197043_0:003291|STRG.11031.4|+|72|3.773e-16|1|388|969|388[388]:969[969]:582[582]
30549	826+384	0	1412	1	112821at50557_35570_0:00239e|STRG.14449.1|+|31|0.0008296|1|826|1209|826[826]:1209[1209]:384[384]
30674	2927+576	0	445	1	10394at50557_7536_0:0020dc|STRG.16484.1|+|66|2.415e-14|1|2927|3502|2927[2927]:3502[3502]:576[576]
30711	899+153	0	177	1	60720at50557_7004_0:004a43|STRG.17007.1|+|38|6.482e-06|1|899|1051|899[899]:1051[1051]:153[153]
30742	1328+147	0	177	1	60720at50557_7004_0:004a43|STRG.475.4|+|32|0.0004148|1|1328|1474|1328[1328]:1474[1474]:147[147]
30760	125+1242	0	1135	1	42648at50557_29031_0:001f4a|STRG.726.1|+|63|1.932e-13|1|125|1366|125[125]:1366[1366]:1242[1242]
30765	26+1341	0	146	1	94143at50557_7539_0:002065|STRG.805.2|+|75|4.716e-17|1|26|1366|26[26]:1366[1366]:1341[1341]
30786	510+855	0	607	1	42648at50557_197043_0:000759|STRG.1118.1|+|44|1.013e-07|1|510|1364|510[510]:1364[1364]:855[855]
30901	217+1419	0	873	1	94143at50557_54969_0:00353b|STRG.2988.3|+|75|4.716e-17|1|217|1635|217[217]:1635[1635]:1419[1419]
30942	274+774	0	752	1	42648at50557_516756_0:0012fb|STRG.3681.1|+|31|0.0008296|1|274|1047|274[274]:1047[1047]:774[774]
31026	1453+735	0	1362	1	111718at50557_7237_0:00030b|STRG.5107.1|+|44|1.013e-07|1|1453|2187|1453[1453]:2187[2187]:735[735]
31052	535+1647	0	1531	1	68076at50557_34740_0:002ced|STRG.5500.2|+|324|5.213e-92|1|535|2181|535[535]:2181[2181]:1647[1647]
31072	3030+1113	0	604	1	12555at50557_51655_0:003c27|STRG.5801.6|+|156|1.95e-41|1|3030|4142|3030[3030]:4142[4142]:1113[1113]
31113	927+513	0	445	1	10394at50557_7536_0:0020dc|STRG.6441.11|+|82|3.684e-19|1|927|1439|927[927]:1439[1439]:513[513]
31224	1277+1296	0	211	1	12555at50557_121225_0:000df9|STRG.8358.3|+|95|4.497e-23|1|1277|2572|1277[1277]:2572[2572]:1296[1296]
31673	2712+288	0	210	1	125046at50557_7222_0:0000e4|STRG.15511.2|+|31|0.0008296|1|2712|2999|2712[2712]:2999[2999]:288[288]
31733	2948+576	0	445	1	10394at50557_7536_0:0020dc|STRG.16484.2|+|66|2.415e-14|1|2948|3523|2948[2948]:3523[3523]:576[576]
31770	946+153	0	177	1	60720at50557_7004_0:004a43|STRG.17007.2|+|38|6.482e-06|1|946|1098|946[946]:1098[1098]:153[153]
31788	3276+831	0	699	1	12555at50557_29031_0:000522|STRG.256.5|+|79|2.947e-18|1|3276|4106|3276[3276]:4106[4106]:831[831]
31819	222+1242	0	1135	1	42648at50557_29031_0:001f4a|STRG.726.2|+|63|1.932e-13|1|222|1463|222[222]:1463[1463]:1242[1242]
31945	1286+345	0	31	1	60720at50557_7536_0:003c8b|STRG.2757.10|+|31|0.0008296|1|1286|1630|1286[1286]:1630[1630]:345[345]
32001	984+774	0	752	1	42648at50557_516756_0:0012fb|STRG.3681.2|+|31|0.0008296|1|984|1757|984[984]:1757[1757]:774[774]
32002	562+642	0	698	1	12555at50557_133901_0:0043f8|STRG.3695.1|+|73|1.886e-16|1|562|1203|562[562]:1203[1203]:642[642]
32046	1965+192	0	177	1	60720at50557_7004_0:004a43|STRG.4428.1|+|36|2.593e-05|1|1965|2156|1965[1965]:2156[2156]:192[192]
32083	329+1095	0	777	1	94143at50557_535359_0:0000a8|STRG.5072.1|+|98|5.622e-24|1|329|1423|329[329]:1423[1423]:1095[1095]
32085	1106+735	0	1362	1	111718at50557_7237_0:00030b|STRG.5107.2|+|44|1.013e-07|1|1106|1840|1106[1106]:1840[1840]:735[735]
32111	381+1647	0	1531	1	68076at50557_34740_0:002ced|STRG.5500.3|+|324|5.213e-92|1|381|2027|381[381]:2027[2027]:1647[1647]
32155	707+753	0	400	1	111718at50557_7493_0:001572|STRG.6189.1|+|79|2.947e-18|1|707|1459|707[707]:1459[1459]:753[753]
32256	222+564	0	1494	1	94143at50557_1049336_0:001a7d|STRG.7881.2|+|51|7.912e-10|1|222|785|222[222]:785[785]:564[564]
32328	453+1038	0	825	1	94143at50557_54969_0:002985|STRG.9043.1|+|105|4.392e-26|1|453|1490|453[453]:1490[1490]:1038[1038]
32361	1110+297	0	358	1	12555at50557_121845_0:00419d|STRG.9581.1|+|49|3.165e-09|1|1110|1406|1110[1110]:1406[1406]:297[297]
32378	1601+165	0	177	1	60720at50557_7004_0:004a43|STRG.9833.2|+|40|1.62e-06|1|1601|1765|1601[1601]:1765[1765]:165[165]
32567	1693+258	0	1238	1	60720at50557_1218281_0:000819|STRG.12892.1|+|34|0.0001037|1|1693|1950|1693[1693]:1950[1950]:258[258]
32732	2709+288	0	210	1	125046at50557_7222_0:0000e4|STRG.15511.3|+|31|0.0008296|1|2709|2996|2709[2709]:2996[2996]:288[288]
32792	2927+576	0	445	1	10394at50557_7536_0:0020dc|STRG.16484.3|+|66|2.415e-14|1|2927|3502|2927[2927]:3502[3502]:576[576]
32829	1777+153	0	177	1	60720at50557_7004_0:004a43|STRG.17007.3|+|38|6.482e-06|1|1777|1929|1777[1777]:1929[1929]:153[153]
32878	244+1317	0	414	1	42648at50557_7222_0:002c67|STRG.726.3|+|62|3.863e-13|1|244|1560|244[244]:1560[1560]:1317[1317]
32953	1145+561	0	594	1	111718at50557_7004_0:00478a|STRG.1938.1|+|51|7.912e-10|1|1145|1705|1145[1145]:1705[1705]:561[561]
32958	942+648	0	211	1	12555at50557_121225_0:000df9|STRG.2007.1|+|66|2.415e-14|1|942|1589|942[942]:1589[1589]:648[648]
33004	1598+174	0	177	1	60720at50557_7004_0:004a43|STRG.2757.8|+|34|0.0001037|1|1598|1771|1598[1598]:1771[1771]:174[174]
33052	99+1461	0	145	1	94143at50557_7004_0:00294b|STRG.3528.1|+|85|4.605e-20|1|99|1559|99[99]:1559[1559]:1461[1461]
33061	333+627	0	698	1	12555at50557_133901_0:0043f8|STRG.3695.2|+|76|2.358e-17|1|333|959|333[333]:959[959]:627[627]
33105	1965+192	0	177	1	60720at50557_7004_0:004a43|STRG.4428.2|+|36|2.593e-05|1|1965|2156|1965[1965]:2156[2156]:192[192]
33142	432+1047	0	728	1	94143at50557_286706_0:002f5f|STRG.5073.1|+|98|5.622e-24|1|432|1478|432[432]:1478[1478]:1047[1047]
33144	766+735	0	1362	1	111718at50557_7237_0:00030b|STRG.5107.4|+|44|1.013e-07|1|766|1500|766[766]:1500[1500]:735[735]
33170	261+1647	0	1531	1	68076at50557_34740_0:002ced|STRG.5500.4|+|324|5.213e-92|1|261|1907|261[261]:1907[1907]:1647[1647]
33214	863+753	0	400	1	111718at50557_7493_0:001572|STRG.6189.2|+|79|2.947e-18|1|863|1615|863[863]:1615[1615]:753[753]
33297	2893+261	0	358	1	12555at50557_121845_0:00419d|STRG.7599.2|+|44|1.013e-07|1|2893|3153|2893[2893]:3153[3153]:261[261]
33315	657+951	0	47	1	94143at50557_6973_0:004c45|STRG.7881.1|+|75|4.716e-17|1|657|1607|657[657]:1607[1607]:951[951]
33319	1392+507	0	457	1	12555at50557_28612_0:005596|STRG.7945.1|+|70|1.509e-15|1|1392|1898|1392[1392]:1898[1898]:507[507]
33420	1111+297	0	358	1	12555at50557_121845_0:00419d|STRG.9581.2|+|49|3.165e-09|1|1111|1407|1111[1111]:1407[1407]:297[297]
33437	1601+165	0	177	1	60720at50557_7004_0:004a43|STRG.9833.1|+|40|1.62e-06|1|1601|1765|1601[1601]:1765[1765]:165[165]
33626	1438+246	0	1238	1	60720at50557_1218281_0:000819|STRG.12892.2|+|37|1.296e-05|1|1438|1683|1438[1438]:1683[1683]:246[246]
33851	2930+576	0	445	1	10394at50557_7536_0:0020dc|STRG.16484.4|+|66|2.415e-14|1|2930|3505|2930[2930]:3505[3505]:576[576]
